,author,date,url,title,contents,issue_date,view_count
0,직구딜공 by 뉴욕블록_해외 직구...,2020-08-25,https://cafe.naver.com/nyblog/529083,자라 플리츠 미니 버킷백 샀어요,【매장명】 자라 【위치】 충장로 【브랜드】 자라 【상품명】 플리츠 미니 버킷백 【가격】 35000 【구입날짜】 8/12 【사이즈리뷰】 【매장영수증】 【매장사진】 ...,2020.08.12,0
2,"""시크먼트"" 명품 정보 커뮤니티 ...",2020-08-25,https://cafe.naver.com/parisienlook/1990427,구찌 버킷백 블랙!!,7월에 구입한걸 이제 올리네요ㅠㅠ 버킷백 수납이 너무 좋아서 또 구매 했어용 ㅎ.ㅎ 화이트 할까 하다가 가을겨울에도 들 수 있는 블랙으로 했어요~! 청바지랑 찰떡...,2020.08.12,0
4,▒ 스마트바겐 해외직구.유럽직구...,2020-08-25,https://cafe.naver.com/smartbargain/997101,펜디 몬트레조 버킷백 아크네스튜디오 포바 로저 비비에르 벨르 ...,펜디 몬트레조 버킷백 아크네스튜디오 포바 로저 비비에르 벨르... 몬트레조 버킷백 알록달록 컬러풀 합니다. 미니 사이즈 캔바스 버킷백이구요...,2020.08.12,0
6,"""시크먼트"" 명품 정보 커뮤니티 ...",2020-08-25,https://cafe.naver.com/parisienlook/1995412,고야드 쁘띠플로 버킷백 구입했는데 안어울리네요ㅠㅠ,그 구하기 힘들다는 버킷백 쁘띠플로 브라운 콤비 구입했는데 두점 들어와서 둘다 컨디션 확인하고 샀는데 ㅠㅠ . . . 저한테 너무 안어울려서 슬퍼요ㅠㅠ 팔아야 할...,2020.08.14,0
8,직구딜공 by 뉴욕블록_해외 직구...,2020-08-25,https://cafe.naver.com/nyblog/529918,"스타우드 셜리백 역대가 42불, 버킷백 64불, 이자벨마랑 킨지 16...","42불, 버킷백 64불, 이자벨마랑 킨지 168불, 베트멍 컨버스 134불, 아크네스튜디오 스카프 59불 보러가기 스타우드 셜리백 역대가 42불, 버킷백 64불,...",2020.08.13,0
10,라희네 뜨개방,2020-08-25,https://cafe.naver.com/0303rh/82539,버킷백 조임끈 스텝퍼 뜨는 방법,버킷백 조임끈을 묶지 않고 조여주는 스텝퍼를 뜨려는데 유투브 검색해봐도 영상을 못찾겠어요. 떠 보신 분 계시면 뜨는 방법 셜명 부탁드립니다. 관련 영상 링크도 좋...,2020.08.13,0
12,라희네 뜨개방,2020-08-25,https://cafe.naver.com/0303rh/82523,버킷백이에용ㅋㅋㅋㅋ,바스켓실로 만든 버킷백이에요 ㅋㅋ 친구들이 부탁해서 만들어줬네요 ㅋㅋㅋㅋ 실이 가볍고 좋아요,2020.08.13,0
14,▒ 스마트바겐 해외직구.유럽직구...,2020-08-25,https://cafe.naver.com/smartbargain/997268,마이테레사 펜ㄷㅣ 버킷백 샀어요,■ 쇼 핑 몰 : 마이테레사 ■ 브랜드/제품명(한글) : 펜디 Mon Trésor Mini canvas bucket bag ■ 가격정보 : eur1036 ■ 주문...,2020.08.12,0
16,인천 아띠아모 (인천맘 대표카페...,2020-08-25,https://cafe.naver.com/kyungmammo/4751373,미싱으로 버킷백 만들었어요!,미싱으로 버킷백 만들었어요! 요즈 버킷백 이뻐서 갖고 싶었는데 부라더미싱 소잉팩토리 미싱 수업으로 제가 직접 만들다니요!!! ㅋㅋㅋ 자수는 자수미싱으로 한거에요 ...,2020.08.14,0
18,직구딜공 by 뉴욕블록_해외 직구...,2020-08-25,https://cafe.naver.com/nyblog/528687,롯데온 메종마르지엘라 버킷백 107만원,샀던 거 보내고 자꾸 아른거려서 결국 다시 샀네요 카드청구받아 107만원이면 저렴하게 산 것 같아요!!,2020.08.12,0
20,직구딜공 by 뉴욕블록_해외 직구...,2020-08-25,https://cafe.naver.com/nyblog/529956,아웃넷에서 스타우드 버킷백 삿어용ㅎ (feat.앙꼬님♡ 감사♡♡),【해외쇼핑몰】 미 아웃넷 【브랜드】 스타우드 【상품명】 STAUD Moreau leather and macramé bucket bag Burgundy 【가격】 $...,2020.08.13,0
22,★어스맘★명품구매대행_아울렛구...,2020-08-25,https://cafe.naver.com/ttoksun2/1905945,(구해요)미우미우 샤인 버킷백 블랙,"핫딜 여러번 있었는데, 다놓쳤어요. 혹시 블랙색상 구매하신분중 벼룩하실분 댓글 부탁드립니다",2020.08.13,0
24,"""시크먼트"" 명품 정보 커뮤니티 - 샤넬 에르...",2020-08-25,https://cafe.naver.com/parisienlook/1991554,요즘 프라다 버킷백 블랙 매장에서 구하기 쉽나요??,한참 핫했던 예전에 매장에서 구하기 힘들었던 걸로 알아서~ 요즘은 어떤지 궁금하네요 항상 재고 없는 편이면 직구로 살지 고민이에요ㅠㅎㅎ,2020.08.13,0
26,"""시크먼트"" 명품 정보 커뮤니티 - 샤넬 에르...",2020-08-25,https://cafe.naver.com/parisienlook/1989109,프라다버킷백 고야드미니앙주 고민이네요.,프라다 버킷백 대기걸고 왔는데 아직 환불이 가능해서요. 그냥 취소하고 돈 더 보태서 미니앙주나 다른걸 살까요. 그냥 프라다 살까요. 버킷백 너무 늦게사려니 고민이에요. 천소재를 139 주고 사려니 자꾸...,2020.08.12,0
28,송영예의 바늘이야기 카페 - 바람...,2020-08-25,https://cafe.naver.com/khka/86109,알로하 버킷백,친 언니에게 줄 가방입니다. 패키지 너무 예뻐서 시작했는데 원통형이 언니 나이에는 좀 작아보여 타원형 바닥으로 크게 업그레이드 됐습니다. 파우치도 사이즈에 맞춰서...,2020.08.14,0
30,직구딜공 by 뉴욕블록_해외 직구...,2020-08-25,https://cafe.naver.com/nyblog/530101,재입고 빨리 보세요~ 피오갓 에센셜 백로고 집업 스웻셔츠 재입고...,"에센셜 백로고 집업 스웻셔츠 재입고 보러가기 센스 핫딜 모아보기 스타우드 셜리백 역대가 42불, 버킷백 64불, 이자벨마랑 킨지 168불, 베트멍 컨버스 134불...",2020.08.14,0
32,카페 파우더룸 [ 화장품.뷰티.쇼...,2020-08-25,https://cafe.naver.com/cosmania/30211108,마르지엘라 가방 컬러 선택장애,메종 마르지엘라 버킷백 구매하려는데 결정장애와서 색상을 못정하고 있어요ㅠㅠ 지금 검정색 가방은 4개있어서 흰색을 살까 생각들다가 평소에 가방 막들어서 오염될거 생...,2020.08.14,0
34,▒ 스마트바겐 해외직구.유럽직구...,2020-08-25,https://cafe.naver.com/smartbargain/998583,파주 한옥카페 다녀왔어요~파주 핫한 카페 많네요^^코스 원피스 ...,휴가도 많이 떠나셨죠? 저흰9월초로 미뤘어요^^ 비피해 없으시길 간절히 바래봐요❤️❤️ #상의:코스 프린티드 원피스 #슈즈:매일 신는 페레가모 젤리슈즈 #가방:맨...,2020.08.14,0
36,카페 파우더룸 [ 화장품.뷰티.쇼핑.일상 ],2020-08-25,https://cafe.naver.com/cosmania/30211709,버킷백 가격 적당한 브랜드ㅠㅠ없을까요?,프라다는 부담스럽고.. 진짜그냥 출퇴근용으로 막들고 다닐건데 30~50만원 선에서 추천해주세요,2020.08.14,0
38,룩템 명품구매대행 국내해외 명품...,2020-08-25,https://cafe.naver.com/looktem/166332,발렌티노 버킷백 셀러님들 구해주십시요 ..(너무 잘구했습니다),이걸 제가 가지고있는데 제 친한 지인이 꼭 구해서요 블랙으로 세일하는거 있을까요 .. 상태좋은 중고도 상관없으니 샐러님들 아님 회원님들 꼭 찔러봐 주십시요 .. ...,2020.08.13,0
40,▒ 스마트바겐 해외직구.유럽직구...,2020-08-25,https://cafe.naver.com/smartbargain/998131,미아웃넷 스타우드 셜리백 방금 샀어요!!,"최근 몇달간은 대부분 잠복해서 아이템을 구하는 나날들이 코스, 네타 마랑 등등 , 스타우드라는 브랜드는 스바에서 알게 되었는데 지난번 매치스 비셋 버킷백 구입 이...",2020.08.14,0
42,패션잇아이템,2020-08-25,https://cafe.naver.com/newgates/4703,루이비통 올가죽 네오노에 버킷백 2가지 색상 2020,뛰어난 수납력과 세련된 디자인으로 많은 사랑을 받고 있는 루이비통 올가죽 네오노에 버킷백... 네오노에 버킷백 입니다. 복조리 형태로 드로스트링으로 열고 닫는 거...,2020.08.13,0
44,리틀타라구매대행,2020-08-25,https://cafe.naver.com/littletara78/73346,코치 스몰타운 버킷백 견적 요청해요~,구매하시는 사이트 or 브랜드를 제목에 기재해주세요 예)폴로 견적요청 (0) 견적주세요 (X) 또한 이 게시글은 회원님이 작성하신 글이라 여기에 댓글로 남기시면 ...,2020.08.12,0
46,베니스의 개성상인-프랑스/이태리...,2020-08-25,https://cafe.naver.com/luxuryshopp/48738,주문번호-202008052123176 프라다 가죽 버킷백 1BH038,com/luxuryshopp 프라다 버킷백 신형 1BH038 프라다 가죽 버킷백 1BH038 프라다 버킷백 1NE864 신형 1BH038 프라다 버킷백 1NE86...,2020.08.13,0
48,아름다운 세상을 손뜨개하는 아크...,2020-08-25,https://cafe.naver.com/acrilmania/221139,허쉬 아스트로 버킷백 7번 인증합니다♥,미도리 연보라 미도리 17번 나염실 미도리 노랑베이지 조금들어갔는데 뜨는 내내 존경스러웠어요♥ 정말 하나밖에 없는 소중한 가방이 될것같아요 허쉬님께 또 한번 감사...,2020.08.14,0
50,▒ 스마트바겐 해외직구.유럽직구...,2020-08-25,https://cafe.naver.com/smartbargain/997784,미육스 발리 크로스바디백 샀어여~,■ 쇼 핑 몰 : www.yoox.com/us ■ 브랜드/제품명(한글) : ■ 가격정보 : 180 usd ■ 주문날짜 : 20.08.13 ■ 주문내역 이미지 첨부...,2020.08.13,0
52,직구딜공 by 뉴욕블록_해외 직구...,2020-08-25,https://cafe.naver.com/nyblog/529961,미아웃넷 2탄 짐머만 샤랄라 블라우스 부터 원피스 까지~ 관세안...,"42불, 버킷백 64불, 이자벨마랑 킨지 168불, 베트멍 컨버스 134불, 아크네스튜디오 스카프 59불 보러가기 가니 꿀버리 허니티 33불대~ 보러가기 아크네스...",2020.08.13,0
54,"루이클럽 [명품,패션,뷰티,일상공...",2020-08-25,https://cafe.naver.com/gloseems1/395856,루클의 정을 느꼈어요.,미르냥냥님께 구매한 랩 버킷백이예요. 프라다 버킷백 사용하다가 보내고 허전했는데 루클을 통해서 랩을 알게 되고 눈팅만 하다가 미르냥냥님이 올리신 글에 손을 들어 ...,2020.08.12,0
56,중고나라,2020-08-25,https://cafe.naver.com/joonggonara/779376751,"[공식앱][att셀럽 버킷백(블랙/풀박스)][50,000원]","+가격 : 50,000 원 +상품 : att셀럽 버킷백(블랙/풀박스) +상태 : 미개봉 무료배송 안전결제 att셀럽 버킷백 이에요:) 착용은 딱 한번 했구요. 색상은 블랙입니다.실사 원하시면 문의주세요 +거래지역 : [거래...",2020.08.14,0
58,"""시크먼트"" 명품 정보 커뮤니티 - 샤넬 에르...",2020-08-25,https://cafe.naver.com/parisienlook/1989261,저 급 질렀어욬ㅋㅋㅋㅋㅋ 잘한거겠져....,"어제밤 아니 오늘 새벽만 해도 고민했거든요 ㅠㅠ 루이 네버풀 pm을 살지 말지 근데 스피디 모노 반둘 25도 이쁘고 알마 비비는 왜 이렇게 이쁜거져 ㅠㅠ 거기다가 뒷북으로 프라다 버킷백, 테수토까지.......",2020.08.12,0
60,"MADAM♡한섬,미샤,명품구매대행,...",2020-08-25,https://cafe.naver.com/soimarket/2248800,지미추 버킷백 가격이 너무 싸요!! 완전 대박가격,지미추 버킷백 데일리용으로 완전 강추 드려요 우선 엄청 가벼워요! 가죽소재가 너무 좋고 메이드 인 이태리 입니다! 그리고 버킷백 너무 귀여워요!! 가격 모포 31...,2020.08.12,0
62,"""시크먼트"" 명품 정보 커뮤니티 - 샤넬 에르...",2020-08-25,https://cafe.naver.com/parisienlook/1994284,선물로 사준다는데 뭘 해야될까요~,"느낌이에요~ 가방도 잘 들고다녔던건 롱샴 르플리아쥬네오, 바오바오, 버킷백이에요 미니사이즈는 선호하지않아요~~ 가방 종류가 많아서 어렵더라구요;;;그래서 차라리 시계로 할까도 생각했어요ㅎㅎ;;;",2020.08.14,0
64,세종맘카페 세종맘들의 행복한 이...,2020-08-25,https://cafe.naver.com/no1sejong/2600317,크로스백 좀 골라주세요,참고루 30대 초반이구 마른 체형이예요 마구마구 추천해 주세요 1. 루이비통 페이보릿 2. 프라다 호보백 3. 프라다 버킷백 미니 4. 프라다 미니 체인 크로스백,2020.08.12,0
66,다이렉트 결혼준비,2020-08-25,https://cafe.naver.com/directwedding/2678327,명품백이용,들고다닐 수 있는걸로 살지 고민되네요 ㅠㅠ 현재 프라다 사피아노 백이 있긴한데 프라다 버킷백 vs 생로랑 클러치 vs 구찌 마몬트 마틀라세 대충 요정도로 생각중인데 예신님들이라면 어떤거 구매하실거에요?,2020.08.14,0
68,중고나라,2020-08-25,https://cafe.naver.com/joonggonara/778824363,"[공식앱][가격내림 질바이스튜어트 크로스 버킷백 9000][9,000원...","+가격 : 9,000 원 +상품 : 가격내림 질바이스튜어트 크로스 버킷백 9000 +상태 : 중고 하자있음 배송비있음 안전결제 질바이스튜어트 크로스 버킷백입니다. 연그레이 색상이에요. 생활 기스, 볼펜 자국 등...",2020.08.12,0
70,▒ 스마트바겐 해외직구.유럽직구정보 커뮤...,2020-08-25,https://cafe.naver.com/smartbargain/997707,펑-뻥재고ㅠㅠ,■ 쇼 핑 몰 : 미 YOOX ■ 브랜드+제품이름 : BALLY 미육스 발리 버킷백이에요~모델컷 보면 너무 작지않아서 간단한 소지품 넣고 다니기 좋을 것 같아요! 발리 가방 가죽좋고...,2020.08.13,0
72,중고나라,2020-08-25,https://cafe.naver.com/joonggonara/779164206,"[공식앱][판매완료][빈폴 복주머니 가방(버킷백)♡][50,000원]","+가격 : 50,000 원 +상품 : 빈폴 복주머니 가방(버킷백)♡ +상태 : 거의새것 풀박 배송비있음 빈폴의 복주머니가방입니다. 산지는 좀 된 가방인데 박상 사용한건 5번정도 밖에 안될거예요. 살땐 예뻐서 샀는데...",2020.08.13,0
74,★어스맘★명품구매대행_아울렛구매대행.패...,2020-08-25,https://cafe.naver.com/ttoksun2/1902215,요즘 핫한 가방이 어떤건가요??,코로나로 월급도 깎이고 ㅠ 외출을 안해서 유행도 모르겠네요 ㅎㅎ 아직도 프라다 버킷백만 들고다니는데 요즘 핫한가방이 어떤건가요?? 참고로 아줌마라 편한 데일리백 추천 부탁드려요 ~~^^,2020.08.12,0
76,"직구딜공 by 뉴욕블록_해외 직구 방법 ,핫딜...",2020-08-25,https://cafe.naver.com/nyblog/530298,쓱에서 산 버킷백 나노 색상 바꾸실분있으신가요?,"네이비 들였는데 생각보다 저랑 네이비 색이랑 안어울려서 라이프토프색상으로 교환하고싶어요 갖고계신분 있으시면 교환하고싶은데,,, ㅜㅜ 혹시 이런글 안되면 알려주세요~ 삭제할게요",2020.08.14,0
78,알라딘 (천안명품수선),2020-08-25,https://cafe.naver.com/aladin5695/2878,가방 리폼 문의드립니다,"동일한 모델은 아닌데,, 거의 비슷한 숄더 검정페라가모가방을 토리버치 버킷백 스타일로 수선 가능할까요? 비용도 문의드립니다",2020.08.14,0
80,아름다운 세상을 손뜨개하는 아크...,2020-08-25,https://cafe.naver.com/acrilmania/221066,"허쉬님""의 아스트로버킷백 완성",정말 실용적인 버킷백이예요.세상 예쁘네요. 뜨는 내내 새로운 뜨개법 때문에 몇번을 프르시오... 실용적인 버킷백이네요. 이번 여름에 만든 모자와 세트가 되었어요....,2020.08.13,0
82,● 몰테일 스토리 - 쉽고 빠른 해...,2020-08-25,https://cafe.naver.com/malltail/5660043,남편한테 선물받기로 했는데....,저는 모노그램 버킷백이 넘나 갖고 싶은데... 남편은 모노그램을 넘나 싫어하고...;;;; 그래도 제가 이걸로 하겠다...하니 그럼 클루니비비가 어떠냐... 해서...,2020.08.13,0
84,Knitting,2020-08-25,https://cafe.naver.com/enjoyknit/325765,아스트로버킷백,"허쉬님의 '아스트로버킷백' (유료함뜨) *기타정보 : 가방 높이 22cm, 너비 16cm. 금속라벨 추가 허쉬님의 아스트로 버킷백이에요~ 작품 올라오자마자 한 눈...",2020.08.14,0
86,"""시크먼트"" 명품 정보 커뮤니티 - 샤넬 에르...",2020-08-25,https://cafe.naver.com/parisienlook/1993116,(빠리피그) 메종마르지엘라 버킷백 블랙/화이트,"양해부탁드릴게요 :) ■ 브랜드명: 마르지엘라 ■ 상품명: 메종마르지엘라 버킷백 블랙/화이트 ■ 상품상태: 신상품 ■ 최초 리테일가: - ■ 판매가: 1,350,000원 ■ 배송비(기본): 무료 ■ 배송비...",2020.08.13,0
88,"콕콕 명품구매대행 ★ 버버리,구...",2020-08-25,https://cafe.naver.com/kockoc11/1739749,"로에베, 로에베 바스켓백, 스몰사이즈, 로에베 버킷백 ㅡ퀸즈콕콕...",로에베 로에베 바스켓백 국내배송으로 빠르게 받아보실수 있는 여름의 강자 잇백 로에베 바스켓백이에요. 여름에 가장 잘 어울리는 소재로 로에베 로고가 센터에 큼직하게...,2020.08.12,0
90,아름다운 세상을 손뜨개하는 아크...,2020-08-25,https://cafe.naver.com/acrilmania/221066,"허쉬님""의 아스트로버킷백 완성",정말 실용적인 버킷백이예요.세상 예쁘네요. 뜨는 내내 새로운 뜨개법 때문에 몇번을 프르시오... 실용적인 버킷백이네요. 이번 여름에 만든 모자와 세트가 되었어요....,2020.08.13,0
92,● 몰테일 스토리 - 쉽고 빠른 해...,2020-08-25,https://cafe.naver.com/malltail/5660043,남편한테 선물받기로 했는데....,저는 모노그램 버킷백이 넘나 갖고 싶은데... 남편은 모노그램을 넘나 싫어하고...;;;; 그래도 제가 이걸로 하겠다...하니 그럼 클루니비비가 어떠냐... 해서...,2020.08.13,0
94,Knitting,2020-08-25,https://cafe.naver.com/enjoyknit/325765,아스트로버킷백,"허쉬님의 '아스트로버킷백' (유료함뜨) *기타정보 : 가방 높이 22cm, 너비 16cm. 금속라벨 추가 허쉬님의 아스트로 버킷백이에요~ 작품 올라오자마자 한 눈...",2020.08.14,0
96,"""시크먼트"" 명품 정보 커뮤니티 - 샤넬 에르...",2020-08-25,https://cafe.naver.com/parisienlook/1993116,(빠리피그) 메종마르지엘라 버킷백 블랙/화이트,"양해부탁드릴게요 :) ■ 브랜드명: 마르지엘라 ■ 상품명: 메종마르지엘라 버킷백 블랙/화이트 ■ 상품상태: 신상품 ■ 최초 리테일가: - ■ 판매가: 1,350,000원 ■ 배송비(기본): 무료 ■ 배송비...",2020.08.13,0
98,"콕콕 명품구매대행 ★ 버버리,구...",2020-08-25,https://cafe.naver.com/kockoc11/1739749,"로에베, 로에베 바스켓백, 스몰사이즈, 로에베 버킷백 ㅡ퀸즈콕콕...",로에베 로에베 바스켓백 국내배송으로 빠르게 받아보실수 있는 여름의 강자 잇백 로에베 바스켓백이에요. 여름에 가장 잘 어울리는 소재로 로에베 로고가 센터에 큼직하게...,2020.08.12,0
100,중고나라,2020-08-25,https://cafe.naver.com/joonggonara/778777430,"[공식앱][구찌호보백][1,234원]","+가격 : 1,234 원 +상품 : 구찌호보백 +상태 : 미개봉 배송비있음 안전결제 +구찌 오피디아 GG 버킷백?... 오피디아 버킷백 라지사이즈?? 모든문의는문자빠릅니다 010.3150.7057 +거래지역 : [거래 전에 꼭!...",2020.08.12,0
102,리틀타라구매대행,2020-08-25,https://cafe.naver.com/littletara78/73348,코치 스몰타운 버킷백 견적 요청해요~,"받으신 견적은 당일에만 유효합니다. 견적에는 상품가격 + 구매대행 수수료 + 카드브랜드별 수수료(비자아멕스마스터등) + 카드사 수수료(외환,신한,비씨,현대,삼성등...",2020.08.12,0
104,아비즈명품수선,2020-08-25,https://cafe.naver.com/abiz1/28024,버버리 버킷백 숏핸들문의,안녕하세요 버버리 헤이마켓 버킷백 핑크로 제작 문의드립니다,2020.08.13,0
106,Make my wedding (메이크마이웨딩...,2020-08-25,https://cafe.naver.com/makemywedding/189706,효성주얼리시티 비쥬블랑에서 특별한 3부 자개반지♡,구성 웨딩밴드 14k 여성 3부(우신E/S1/3EX) 다이아 + 참깨다이아 + 흰자개 + 루비 남성 1부 흑자개 [서비스] - 레이저 각인서비스 - 핸드메이드 버...,2020.08.13,0
108,가방 수선하는 남자,2020-08-25,https://cafe.naver.com/bagasman/17693,리폼 문의드립니다~~~,"이사하면서 오래된 유물 가방 발견했네욬ㅋㅋㅋㅋㅋ 버킷백으로 리폼이될지 문의드립니다.. 상태는 그닥 좋지 않아여..ㅠㅠ 수선이력×, 택배이용 롯데백화점싸이트 병행수...",2020.08.14,0
110,중고카페 그린유즈 (중고.패션.맘.유아.폰....,2020-08-25,https://cafe.naver.com/musicstar2/36369753,[싱가포르/찰스앤키스] 숄더/스트랩 활용가능한 버킷백,"[싱가포르/찰스앤키스] 숄더/스트랩 활용가능한 버킷백 가격 36,900원 옵션 베이지 2개 블랙 2개... 키스 버킷 백입니다. 요즘 유행하는 버킷백으로도 활용 가능하고, 스트랩으로 매고 다닐 수 도 있어...",2020.08.12,0
112,아비즈명품수선,2020-08-25,https://cafe.naver.com/abiz1/28077,바오바오 프리즘 핸들,안녕하세요 바오바오 프리즘 블랙 핸들 갈라짐 있는데 손잡이 두개 다 교체해야하나요? 비용 문의 드립니다 지난번 프라다 버킷백 스트랩 제작한거 맘에 아주 들었어요 감사합니다 후기 곧 작성해서올릴께요,2020.08.14,0
114,퀼트카페,2020-08-25,https://cafe.naver.com/quiltcafe/340659,☆ 마감) 공동구매 ☆ 명품 숄더 미니 가죽 핸들 할인 3종세트,"☆ 공동구매 ☆ 명품 숄더 미니 가죽 핸들 할인 3종세트 < 다시 등록합니다.> 색상 : 테닝 스킨색, 검정, 밤색 길이 : 50cm 금액 : 20,0...",2020.08.14,0
116,가죽공예 가죽목형 이노목형,2020-08-25,https://cafe.naver.com/innolaser/10126,제가 처음 만든가방!!,글쓰다가 날아간줄 알았는데 사진만 떡 하니 올라갔네요 작년에 버킷백 만드는 클레스가 열려서 재단 및 목타 쳐져 있는 패키지에 바느질만 했어요. 간단하게 작업한거라...,2020.08.13,0
118,코코부띠크,2020-08-25,https://cafe.naver.com/cocoboutique7/870,루이비통 버킷백,루이비통 버킷백 소재 : 수입 고급 소가죽 사이즈 : 24.5*27*15cm,2020.08.14,0
120,"맘이베베 (핫딜, 육아, 놀이)",2020-08-25,https://cafe.naver.com/skybluezw4rh/3596781,"위메프/차이) 귀여워서 가져와봤어요~ 고세 원형버킷백 36,680원",어떤 여자가 원통형 미니백 들고 있는거 보고 원형 버킷뱃 찾아보다가 발견 ?? 원통형 복조리백? 버킷백? 암튼 동글동글해서 귀여워요! 할인율도 좋네요. 블랙이 없...,2020.08.13,0
122,코코부띠크,2020-08-25,https://cafe.naver.com/cocoboutique7/869,루이비통 네오노에 버킷백,루이비통 네오노에 신상 소재 : 수입 고급 소가죽 사이즈 : 26*26*17.5cm n2477471333,2020.08.14,0
124,패션스토리-2ME,2020-08-25,https://cafe.naver.com/eme1004/26,펜디 몬트레조 버킷백 꼬임 핸드메이드,"P :340,000 사이즈 :18x12x10cm 구성 : 풀 박스 더스트 + 본품 (배송과 통관에 따라 박스가 제외 될 수 있습니다) 바닥 소재 : Calfski...",2020.08.14,0
126,아비즈명품수선,2020-08-25,https://cafe.naver.com/abiz1/28054,버버리 숏핸들 가격 문의합니다,안녕하세요 버버리 론 버킷백 미드카멜 숏핸들 구매하고 싶습니다. 가격 안내 부탁드립니다.,2020.08.13,0
128,"미싱하는남자 - 가방수선,명품가...",2020-08-25,https://cafe.naver.com/purpleducns/1447,리폼 문의드립니다^^,안녕하세요~~~ 위의 쇼퍼백을 아래의 버킷백 디자인으로 리폼생각중입니다^^ 가방상태는 좋아요~~ 위 모델로 리폼이 불가하다면 다른 가능한 스타일이 있을까요?ㅠ 가...,2020.08.14,0
130,"""아리아나"" 명품 정보 공유 커뮤...",2020-08-25,https://cafe.naver.com/arianabrand/7,루이비통 신상 '크래프티 네오노에 MM',크래프티 네오노에MM 루이비통 신상백 모노그램 프린트 가죽 네오노에 MM 버킷백입니다. 스타일리시하고 실용적인 데일리 백으로 좋아보이네요.,2020.08.14,0
132,"루이클럽 [명품,패션,뷰티,일상공유]",2020-08-25,https://cafe.naver.com/gloseems1/396502,가방 추천 부탁드려용,"명품백을 하나 사고싶은데요~~ 작은가방(썬글라스, 반지갑혹은카드지갑, 립틴트, 차키까지 들어가는 가방)이요~~ 평소복장은 청바지 붙는거에 티셔츠에 가디건(또는 자켓) 혹은 너무 정장스럽지않은...",2020.08.13,0
134,"직구딜공 by 뉴욕블록_해외 직구 방법 ,핫딜...",2020-08-25,https://cafe.naver.com/nyblog/529374,20대 가방 선물 추천해주세여^^,제 조카 사줄껀데여 좋은일이 있어서...^^ 한 200정도 생각하고 있어요 조금 더 넘어도 되요 저희 언니랑 같이 사주려고요 명품가방은 하나도 없어요 조카는 버버리에서 컨버스로 된거 할인해서 140정도...,2020.08.13,0
136,"루이클럽 [명품,패션,뷰티,일상공유]",2020-08-25,https://cafe.naver.com/gloseems1/395337,지금제일 갖고싶은백 잇으세요 ..?,에르메스 제외하구요 ..! 가방두개 사려고하는데 고민만하고 못사서 참고하고싶어서 질문드려여 ㅎㅎ,2020.08.12,0
138,카페 파우더룸 [ 화장품.뷰티.쇼핑.일상 ],2020-08-25,https://cafe.naver.com/cosmania/30206581,명품제외) 다들 가을에 어떤 가방 들고싶으세요?,어떤 디자인이나 색도 좋고 생각해놓은 브랜드가방있으면 알려주세요ㅠ,2020.08.13,0
140,일산아지매,2020-08-25,https://cafe.naver.com/isajime/4673298,캉콜 크로스백? 사용하시는분,요즘 많이 들구다니더라구요 ㅎㅎ 넘 귀여워서 사고 싶은데 작지 않나요? 크기 어때요?,2020.08.12,0
142,직구딜공 by 뉴욕블록_해외 직구...,2020-08-25,https://cafe.naver.com/nyblog/528515,마이테레사 세일 업뎃이요 ~ 알렉산더 맥퀸 오버솔 234유로 로저...,마이테레사 새로운 세일들 둘러보세요 알렉산더 맥퀸 오버솔 클리터 234유로 + 10%요 직배송으로도 로저비비에 몇가지가 세일로 변경되었어요 로저비비에...,2020.08.12,0
144,퀼트자리,2020-08-25,https://cafe.naver.com/pinkswlgb/15653,가입인사합니다~,안녕하세요^^ 카페에올라온작품을보다끌려서 가입합니다.예쁜작품들많이해보고싶어요~,2020.08.14,0
146,"""시크먼트"" 명품 정보 커뮤니티 - 샤넬 에르...",2020-08-25,https://cafe.naver.com/parisienlook/1990923,샤넬 제외하고 가볍고 크기 있는 물건들 수납 꽤 되는 명품백 추...,회사 다닐때 데일리로 막 들 가방이 필요한데요ㅠㅠ 명품티 너무 많이 안나는걸로요ㅜㅜ 수납력은 마르니 트렁크백 미듐에 들어가는 것보다 약간 더 큰 물건들이 들어갔으면 좋겠어요ㅠㅜ 몰스킨 노트나...,2020.08.12,0
148,▒ 스마트바겐 해외직구.유럽직구...,2020-08-25,https://cafe.naver.com/smartbargain/997067,셀린느 버킷백 스몰?미디움?,10년 쭈욱 쓸려면 스몰?ㅋ 아님 셀린느 다른거볼까요ㅎㅎ 구찌 버킷백 스몰2년전에 산것도 있어서 고민이네요 111스몰 222미듐 백화점에서 사려구요 넝 고민되어요,2020.08.12,0
150,"콕콕 명품구매대행 ★ 버버리,구...",2020-08-25,https://cafe.naver.com/kockoc11/1739658,[헤롯콕콕] 버버리 버버리헤이마켓. 버버리 버킷백 . 버버리 론백...,"버버리 버킷백 . 버버리 론백. >>> 레더 버킷백 사이즈감 이쁘게 옆라인에 딱 떨어지네요 판매가 640,000원 상품가 630,000원 구대비 ...",2020.08.12,0
152,"콕콕 명품구매대행 ★ 버버리,구...",2020-08-25,https://cafe.naver.com/kockoc11/1741515,[하나콕핫딜] 펜디 몬트레조 버킷백 미니 ✔️ 또언제 입고될지 ...,"상품개요 브랜드 펜디 [FENDI] 상품명 몬트레조 버킷백 미니 ?? 또언제 입고될지 몰라요... 입고되자마자 인기폭발이네용 국내발송 모포162만 1,623,00...",2020.08.13,0
154,"콕콕 명품구매대행 ★ 버버리,구...",2020-08-25,https://cafe.naver.com/kockoc11/1741837,[아리콕콕] 버버리 미디움 버킷백 브라이트코랄컬러 추가할인! 7...,"상품개요 브랜드 버버리 [Burberry] 상품명 미디움 버킷백 브라이트코랄컬러 추가할인! 70퍼!! 215만원>>>645,000원 판매가 675...",2020.08.14,0
156,★어스맘★명품구매대행_아울렛구...,2020-08-25,https://cafe.naver.com/ttoksun2/1906566,빔바이롤라 + 시크릿세일!블랙 사카 버킷백 (추가세일들어갔어요...,빔바이롤라 + 시크릿세일!블랙 사카 버킷백 (추가세일들어갔어요- 본문 금액 수정) https://m.cafe.naver.com/ttoksun2/1687637 ht...,2020.08.13,0
158,메투 METU 명품 한섬 팩토리 미샤...,2020-08-25,https://cafe.naver.com/yjoutlet/2511650,프라다 버킷백,"모포95만 배송2주 주문서 작성후 꼭!!! 확인 부탁드려요 주문서 누락으로 배송지연은 고객님 책임입니다. 세관 통관 지연, ems 배송지연으로 환불되지 않습니다 ...",2020.08.13,0
160,"MADAM♡한섬,미샤,명품구매대행,...",2020-08-25,https://cafe.naver.com/soimarket/2258175,매력적인 녀석! 미우미우 마드라스 레더 버킷백~,미우미우 마드라스 레더 버킷백 5BE026 ▶총 비용 58만원 ▶색상 : 화이트 ▶사이즈 : 25 * 26 * 14 CM ▶소재: 가죽 ** 주문 전 꼭 ! 하단...,2020.08.14,0
162,화성녀 (화장품 체험단/겟잇뷰티...,2020-08-25,https://cafe.naver.com/goekqwlzkvp/590780,바네사브루노 가방 할인해서 사려구용,가방 필요해서 lf몰 보고 있었는데 마침 바네사브루노에서 할인 들어가네용~~ 예쁜 버킷백 자카드백 많더라구여 ㅠㅠㅎ 쿠폰까지 먹이면 더 싸게 살 수 있을듯한데 둘...,2020.08.14,0
164,"콕콕 명품구매대행 ★ 버버리,구...",2020-08-25,https://cafe.naver.com/kockoc11/1740743,[하나콕핫딜] 메종마르지엘라 넘버링 남성 슬라이드 ✔️ 마르지...,"네이비 색상 가격너무 좋아여 국내발송 295,000 320,000원 메종마르지엘라 넘버링 버킷백 ?? 블랙가격이라기엔 믿기힘든 가격!! 꼭하셔요 모포106만 1,...",2020.08.13,0
166,"콕콕 명품구매대행 ★ 버버리,구...",2020-08-25,https://cafe.naver.com/kockoc11/1740796,[하나콕핫딜] 프라다 골드 로고 에스파듀 ✔️ 황금사이즈만 남앗...,"나는 프라다를 신엇다 국내발송 모포57만 573,000원 프라다 FW 포코노 삼각로고 버킷백 ?? 프라다 베스트 상품 가격 지금 엄청 좋네요 모포116만 1,16...",2020.08.13,0
168,★어스맘★명품구매대행_아울렛구...,2020-08-25,https://cafe.naver.com/ttoksun2/1902335,프라다 가죽 버킷백 1BH038 카메오 색상 한점,홍콩 Florentia Village Prada Outlet 에서 구매 / 100% 정품 홍콩 Horizon Prada Outlet 에서 구매 / 100% 정품 ...,2020.08.12,0
170,"콕콕 명품구매대행 ★ 버버리,구...",2020-08-25,https://cafe.naver.com/kockoc11/1742537,[독일콕콕] 프라다 추추추가할인 오늘의 특가 가방 자카드 쇼퍼백...,"com/7400277790 이 셀러의 다른 상품보기 프라다 추추가할인 포코노 버킷백 270,000 270,000원 프라다 추추추가할인 여성 가죽 샌들 블랙 실버 ...",2020.08.14,0
172,직구딜공 by 뉴욕블록_해외 직구...,2020-08-25,https://cafe.naver.com/nyblog/529466,오늘은 비가 안오는것 같아서또 타비,"더울것 같기도 하고, 티셔츠가 늘 편하니까....?????? 또 티셧을 입어 봅니다. 글램슬램 버킷백도, 가을되면 또 손이 안 갈것 같아 ... 부지런히 들고 나...",2020.08.13,0
174,"콕콕 명품구매대행 ★ 버버리,구찌,생로랑,...",2020-08-25,https://cafe.naver.com/kockoc11/1742527,[독일콕콕] 프라다 추추추가할인 오늘의 특가 가방 자카드 쇼퍼백...,"가죽 장식 볼캡 68만 -> 23만 230,000원 프라다 추추가할인 여성 가죽 로고 샌들 블랙컬러 딱 수량 하나 103만 -> 27만 270,000원 프라다 추추가할인 포코노 버킷백 250,000 250,000원",2020.08.14,0
176,명품리뷰 신상소개 구매대행 해외...,2020-08-25,https://cafe.naver.com/greenyzdgl/127,루이비통 나노노에 버킷백,나노노에 버킷 버킷백 12 사이즈 15 * 16,2020.08.14,0
178,디비디비ⓒ,2020-08-25,https://cafe.naver.com/dibidibicafe/114068,"(2-3일내 도착) 자라 체인 미니 버킷백/연인선물, 기념일선물, 가...",블랙와인레드 상품구매하기 : http://www.dibidibi.com/TN9572266393/14 #미니버킷백 #자라미니버킷백 #정품 #자라 #연인선물 #기념일...,2020.08.14,0
180,"콕콕 명품구매대행 ★ 버버리,구...",2020-08-25,https://cafe.naver.com/kockoc11/1742537,[독일콕콕] 프라다 추추추가할인 오늘의 특가 가방 자카드 쇼퍼백...,"com/7400277790 이 셀러의 다른 상품보기 프라다 추추가할인 포코노 버킷백 270,000 270,000원 프라다 추추추가할인 여성 가죽 샌들 블랙 실버 ...",2020.08.14,0
182,직구딜공 by 뉴욕블록_해외 직구...,2020-08-25,https://cafe.naver.com/nyblog/529466,오늘은 비가 안오는것 같아서또 타비,"더울것 같기도 하고, 티셔츠가 늘 편하니까....?????? 또 티셧을 입어 봅니다. 글램슬램 버킷백도, 가을되면 또 손이 안 갈것 같아 ... 부지런히 들고 나...",2020.08.13,0
184,"콕콕 명품구매대행 ★ 버버리,구찌,생로랑,...",2020-08-25,https://cafe.naver.com/kockoc11/1742527,[독일콕콕] 프라다 추추추가할인 오늘의 특가 가방 자카드 쇼퍼백...,"가죽 장식 볼캡 68만 -> 23만 230,000원 프라다 추추가할인 여성 가죽 로고 샌들 블랙컬러 딱 수량 하나 103만 -> 27만 270,000원 프라다 추추가할인 포코노 버킷백 250,000 250,000원",2020.08.14,0
186,명품리뷰 신상소개 구매대행 해외...,2020-08-25,https://cafe.naver.com/greenyzdgl/127,루이비통 나노노에 버킷백,나노노에 버킷 버킷백 12 사이즈 15 * 16,2020.08.14,0
188,디비디비ⓒ,2020-08-25,https://cafe.naver.com/dibidibicafe/114068,"(2-3일내 도착) 자라 체인 미니 버킷백/연인선물, 기념일선물, 가...",블랙와인레드 상품구매하기 : http://www.dibidibi.com/TN9572266393/14 #미니버킷백 #자라미니버킷백 #정품 #자라 #연인선물 #기념일...,2020.08.14,0
190,"콕콕 명품구매대행 ★ 버버리,구...",2020-08-25,https://cafe.naver.com/kockoc11/1742537,[독일콕콕] 프라다 추추추가할인 오늘의 특가 가방 자카드 쇼퍼백...,"com/7400277790 이 셀러의 다른 상품보기 프라다 추추가할인 포코노 버킷백 270,000 270,000원 프라다 추추추가할인 여성 가죽 샌들 블랙 실버 ...",2020.08.14,0
192,직구딜공 by 뉴욕블록_해외 직구...,2020-08-25,https://cafe.naver.com/nyblog/529466,오늘은 비가 안오는것 같아서또 타비,"더울것 같기도 하고, 티셔츠가 늘 편하니까....?????? 또 티셧을 입어 봅니다. 글램슬램 버킷백도, 가을되면 또 손이 안 갈것 같아 ... 부지런히 들고 나...",2020.08.13,0
194,"콕콕 명품구매대행 ★ 버버리,구찌,생로랑,...",2020-08-25,https://cafe.naver.com/kockoc11/1742527,[독일콕콕] 프라다 추추추가할인 오늘의 특가 가방 자카드 쇼퍼백...,"가죽 장식 볼캡 68만 -> 23만 230,000원 프라다 추추가할인 여성 가죽 로고 샌들 블랙컬러 딱 수량 하나 103만 -> 27만 270,000원 프라다 추추가할인 포코노 버킷백 250,000 250,000원",2020.08.14,0
196,명품리뷰 신상소개 구매대행 해외...,2020-08-25,https://cafe.naver.com/greenyzdgl/127,루이비통 나노노에 버킷백,나노노에 버킷 버킷백 12 사이즈 15 * 16,2020.08.14,0
198,디비디비ⓒ,2020-08-25,https://cafe.naver.com/dibidibicafe/114068,"(2-3일내 도착) 자라 체인 미니 버킷백/연인선물, 기념일선물, 가...",블랙와인레드 상품구매하기 : http://www.dibidibi.com/TN9572266393/14 #미니버킷백 #자라미니버킷백 #정품 #자라 #연인선물 #기념일...,2020.08.14,0
200,디비디비ⓒ,2020-08-25,https://cafe.naver.com/dibidibicafe/114068,"(2-3일내 도착) 자라 체인 미니 버킷백/연인선물, 기념일선물, 가...",블랙와인레드 상품구매하기 : http://www.dibidibi.com/TN9572266393/14 #미니버킷백 #자라미니버킷백 #정품 #자라 #연인선물 #기념일...,2020.08.14,0
202,명품리뷰 신상소개 구매대행 해외...,2020-08-25,https://cafe.naver.com/greenyzdgl/125,프라다 두블레 버킷백 스몰 화이트/ 블랙,프라 두블레 스몰 화이트 18 사이즈 23*22*13 소재 외부 카프스킨(사피아노) 내부 램스킨(나파가죽),2020.08.14,0
204,아비즈명품수선,2020-08-25,https://cafe.naver.com/abiz1/27992,안녕하세요,버버리 론 버킷백 라이트 엘더베리 숏 스트랩 구매문의 합니다,2020.08.12,0
206,쇼핑 정보를 공유하는 사람들 [쇼...,2020-08-25,https://cafe.naver.com/shopinfo/4567,"[위메프데이]최대20%쿠폰/구찌,프라다 외 브랜드 명품 잡화 300종",헴스테드 버킷백 20SS [미우미우] (5BB069 2D3U CAMMEO) 여성 글라세 숄더백 19FW... 퀼팅 버킷백 19SS [미우미우] (5BC047 N8...,2020.08.13,0
208,"콕콕 명품구매대행 ★ 버버리,구...",2020-08-25,https://cafe.naver.com/kockoc11/1739713,[메이크콕콕] 프라다 프라다 가죽 파우치 리폼,"기본형 토드셋 리폼완료 306,000원 프라다 복조리 파우치. 버킷백. 핑크. 손목링 리폼완료 후 발송! 딱 1개만 가능 :) 240,000원 프라다 프라다 가죽...",2020.08.12,0
210,꿈을 품은달,2020-08-25,https://cafe.naver.com/ggoomdal/10147,트라이크 유모차 가격할인 특가정보에요,"20 와이업 위드 유모차 + 버킷백, 소프트블랙 나의 추천별점 ★★★★★ 가격 : 189,000원 [제품 상세보기] 혹시나 원하는 상품이 없다면 아래 다른상품 더...",2020.08.13,0
