get_date,title,url,view_count,issue_date,author,article_num
2020-08-20,"Rab WITH GOCD REVIEW - 세계 3대 다운 브랜드 중 하나인 랩 그리고 퍼텍스 원단 ""THE MOUNTAIN PEOPLE""",/ArticleRead.nhn?clubid=19943558&menuid=64&boardtype=L&page=1&specialmenutype=&userDisplay=50&articleid=285680,1481,2020.08.17.,GOCD,286372
2020-08-20,PATAGONIA WITH GOCD REVIEW - 실용성을 위해 만들어진 가방 Paxat Pack 'Build for the practical' <파타고니아>,/ArticleRead.nhn?clubid=19943558&menuid=64&boardtype=L&page=1&specialmenutype=&userDisplay=50&articleid=283046,16000,2020.08.05.,GOCD,286371
2020-08-20,FJALLRAVEN WITH GOCD REVIEW - 일상에서 만나는 피엘라벤 DAYPACKS FOR ANYWHERE,/ArticleRead.nhn?clubid=19943558&menuid=64&boardtype=L&page=1&specialmenutype=&userDisplay=50&articleid=280440,10000,2020.07.24.,GOCD,286370
2020-08-20,2020 GOCD MANUAL,/ArticleRead.nhn?clubid=19943558&menuid=64&boardtype=L&page=1&specialmenutype=&userDisplay=50&articleid=44062,140000,2014.08.26.,GOCD,286369
2020-08-20,바이럴 마케팅 브랜드 리스트 + 매뉴얼 강화,/ArticleRead.nhn?clubid=19943558&menuid=64&boardtype=L&page=1&specialmenutype=&userDisplay=50&articleid=257213,11000,2020.04.19.,GOCD,286365
2020-08-20,안데르센 스키퍼?,/ArticleRead.nhn?clubid=19943558&page=1&userDisplay=50&menuid=64&boardtype=L&articleid=286372,419,2020.08.20,제브라35,286364
2020-08-20,세일 상품은 환불이 어렵다는 문구,/ArticleRead.nhn?clubid=19943558&page=1&userDisplay=50&menuid=64&boardtype=L&articleid=286371,1395,2020.08.20,renoir,286363
2020-08-20,알든 구매 고민,/ArticleRead.nhn?clubid=19943558&page=1&userDisplay=50&menuid=64&boardtype=L&articleid=286370,250,2020.08.20,윤딘딘,286361
2020-08-20,마음에 드는 작은 옷과 다이어트,/ArticleRead.nhn?clubid=19943558&page=1&userDisplay=50&menuid=64&boardtype=L&articleid=286369,772,2020.08.20,renoir,286358
2020-08-20,스니커보이 배송질문,/ArticleRead.nhn?clubid=19943558&page=1&userDisplay=50&menuid=64&boardtype=L&articleid=286365,285,2020.08.20,마파두부의악몽,286355
2020-08-20,이벳필드 예전 모델들인데 아직도 쓸만한지 봐주세요,/ArticleRead.nhn?clubid=19943558&page=1&userDisplay=50&menuid=64&boardtype=L&articleid=286364,904,2020.08.20,종이딱지,286353
2020-08-20,레드윙 아렌과 벡맨이요.......,/ArticleRead.nhn?clubid=19943558&page=1&userDisplay=50&menuid=64&boardtype=L&articleid=286363,430,2020.08.20,카키호,286351
2020-08-20,캡틴선샤인 트래블러 자켓은 매시즌 나오는건가요???,/ArticleRead.nhn?clubid=19943558&page=1&userDisplay=50&menuid=64&boardtype=L&articleid=286361,515,2020.08.20,고 아 캐 드,286350
2020-08-20,알든 깔창 추천해주세요!,/ArticleRead.nhn?clubid=19943558&page=1&userDisplay=50&menuid=64&boardtype=L&articleid=286358,305,2020.08.20,Merseau,286349
2020-08-20,이번 시즌 베드포드 사이즈좀...,/ArticleRead.nhn?clubid=19943558&page=1&userDisplay=50&menuid=64&boardtype=L&articleid=286355,808,2020.08.20,일명패고,286348
2020-08-20,바지 색상 골라주세요!,/ArticleRead.nhn?clubid=19943558&page=1&userDisplay=50&menuid=64&boardtype=L&articleid=286353,242,2020.08.20,으샤샤샤,286341
2020-08-20,아크테릭스 베타ar과 sl의 차이점,/ArticleRead.nhn?clubid=19943558&page=1&userDisplay=50&menuid=64&boardtype=L&articleid=286351,568,2020.08.20,임현주,286340
2020-08-20,남자 180초반에 상의 105입는다던데 코스 사이즈 추천좀해주세요,/ArticleRead.nhn?clubid=19943558&page=1&userDisplay=50&menuid=64&boardtype=L&articleid=286350,538,2020.08.20,혜꾸,286339
2020-08-20,아워레거시 쿠반 부츠 사이즈 질문입니다,/ArticleRead.nhn?clubid=19943558&page=1&userDisplay=50&menuid=64&boardtype=L&articleid=286349,209,2020.08.20,VW,286337
2020-08-20,폴로 여성 니트 색깔,/ArticleRead.nhn?clubid=19943558&page=1&userDisplay=50&menuid=64&boardtype=L&articleid=286348,341,2020.08.20,earth,286336
2020-08-20,체인스티치 질문입니다!,/ArticleRead.nhn?clubid=19943558&page=1&userDisplay=50&menuid=64&boardtype=L&articleid=286341,347,2020.08.20,파도가바다의일이라면,286335
2020-08-20,띠어리 팬츠 입으시는분 계신가요? ㅠ,/ArticleRead.nhn?clubid=19943558&page=1&userDisplay=50&menuid=64&boardtype=L&articleid=286340,297,2020.08.20,듀플렉스,286334
2020-08-20,독일군 vs 화이트스니커즈,/ArticleRead.nhn?clubid=19943558&page=1&userDisplay=50&menuid=64&boardtype=L&articleid=286339,218,2020.08.20,조용준1,286331
2020-08-20,젠틀몬스터 밀란 스타일의 안경 있을까요?,/ArticleRead.nhn?clubid=19943558&page=1&userDisplay=50&menuid=64&boardtype=L&articleid=286337,436,2020.08.20,밤과비,286330
2020-08-20,반스 슬립온 이 디자인 어때 보이나요?,/ArticleRead.nhn?clubid=19943558&page=1&userDisplay=50&menuid=64&boardtype=L&articleid=286336,488,2020.08.19.,톰아저씨,286329
2020-08-20,무지티는 프린트스타 or 트리플에이?,/ArticleRead.nhn?clubid=19943558&page=1&userDisplay=50&menuid=64&boardtype=L&articleid=286335,681,2020.08.19.,디싄,286328
2020-08-20,이런셔츠추천좀부탁드립니다,/ArticleRead.nhn?clubid=19943558&page=1&userDisplay=50&menuid=64&boardtype=L&articleid=286334,634,2020.08.19.,kkang2207,286326
2020-08-20,이런 색상 바지 있을까요?,/ArticleRead.nhn?clubid=19943558&page=1&userDisplay=50&menuid=64&boardtype=L&articleid=286331,447,2020.08.19.,미미장,286325
2020-08-20,이 신발 어떤가요? 살까요? 말까요?,/ArticleRead.nhn?clubid=19943558&page=1&userDisplay=50&menuid=64&boardtype=L&articleid=286330,575,2020.08.19.,소로688,286324
2020-08-20,혹시 이 상의 아시는 능력자 분 있으신가요?,/ArticleRead.nhn?clubid=19943558&page=1&userDisplay=50&menuid=64&boardtype=L&articleid=286329,813,2020.08.19.,아대생,286323
2020-08-20,이스트로그 배틀필드 팬츠 착용해보신분,/ArticleRead.nhn?clubid=19943558&page=1&userDisplay=50&menuid=64&boardtype=L&articleid=286328,203,2020.08.19.,흐으,286320
2020-08-20,요시다포터 as 받아보신분 계실까요...?,/ArticleRead.nhn?clubid=19943558&page=1&userDisplay=50&menuid=64&boardtype=L&articleid=286326,455,2020.08.19.,도산오분후,286319
2020-08-20,가방 하나만 추천 부탁드립니다.!,/ArticleRead.nhn?clubid=19943558&page=1&userDisplay=50&menuid=64&boardtype=L&articleid=286325,262,2020.08.19.,토바코바닐,286316
2020-08-20,아식스 빔즈 젤 후지트라부코 질문드립니다!,/ArticleRead.nhn?clubid=19943558&page=1&userDisplay=50&menuid=64&boardtype=L&articleid=286324,610,2020.08.19.,What is that brand,286313
2020-08-20,이거 자켓어디껀지 아시나요,/ArticleRead.nhn?clubid=19943558&page=1&userDisplay=50&menuid=64&boardtype=L&articleid=286323,1122,2020.08.19.,Shelden,286312
2020-08-20,셔츠 정보 아시는분 계실까요?,/ArticleRead.nhn?clubid=19943558&page=1&userDisplay=50&menuid=64&boardtype=L&articleid=286320,674,2020.08.19.,심심 부산,286309
2020-08-20,그레고리 발리스틱 무게 질문,/ArticleRead.nhn?clubid=19943558&page=1&userDisplay=50&menuid=64&boardtype=L&articleid=286319,197,2020.08.19.,필스너,286306
2020-08-20,필그림 러셀파카 사이즈!!,/ArticleRead.nhn?clubid=19943558&page=1&userDisplay=50&menuid=64&boardtype=L&articleid=286316,483,2020.08.19.,중까,286300
2020-08-20,993 사이즈 질문드립니다!,/ArticleRead.nhn?clubid=19943558&page=1&userDisplay=50&menuid=64&boardtype=L&articleid=286313,378,2020.08.19.,dlgnxkd,286299
2020-08-20,라코스테 파리 폴로티 갖고 계신분!!,/ArticleRead.nhn?clubid=19943558&page=1&userDisplay=50&menuid=64&boardtype=L&articleid=286312,436,2020.08.19.,온실속의화초,286297
2020-08-20,관세까지 거의 130들었는데 충동구매아니겠죠.,/ArticleRead.nhn?clubid=19943558&page=1&userDisplay=50&menuid=64&boardtype=L&articleid=286309,2002,2020.08.19.,부자가 될꺼야,286295
2020-08-20,포플린 셔츠(화이트) 추천 부탁드립니다!,/ArticleRead.nhn?clubid=19943558&page=1&userDisplay=50&menuid=64&boardtype=L&articleid=286306,399,2020.08.19.,제이든,286293
2020-08-20,제가 예민한걸까요..?,/ArticleRead.nhn?clubid=19943558&page=1&userDisplay=50&menuid=64&boardtype=L&articleid=286300,1963,2020.08.19.,십원,286291
2020-08-20,중고나라어플 파타고니아 정품문의,/ArticleRead.nhn?clubid=19943558&page=1&userDisplay=50&menuid=64&boardtype=L&articleid=286299,478,2020.08.19.,xxhdlr,286288
2020-08-20,데이브레이크는 유행템인가요? 기본템인가요?,/ArticleRead.nhn?clubid=19943558&page=1&userDisplay=50&menuid=64&boardtype=L&articleid=286297,818,2020.08.19.,소로688,286285
2020-08-20,비슷한 자켓 추천좀요!,/ArticleRead.nhn?clubid=19943558&page=1&userDisplay=50&menuid=64&boardtype=L&articleid=286295,550,2020.08.19.,AI,286280
2020-08-20,네이더스 같은 브랜드 뭐 있을까요??,/ArticleRead.nhn?clubid=19943558&page=1&userDisplay=50&menuid=64&boardtype=L&articleid=286293,961,2020.08.19.,WonseokR,286276
2020-08-20,혹시 영어 잘 하시는분 계신가요 ㅠㅠ (5형식 문법),/ArticleRead.nhn?clubid=19943558&page=1&userDisplay=50&menuid=64&boardtype=L&articleid=286291,624,2020.08.19.,roka,286274
2020-08-20,사진 속 신발 제품 !? 아시는 분 있나요 ??,/ArticleRead.nhn?clubid=19943558&page=1&userDisplay=50&menuid=64&boardtype=L&articleid=286288,760,2020.08.19.,햇살,286273
2020-08-20,바라쿠타 사라마라해주새영,/ArticleRead.nhn?clubid=19943558&page=1&userDisplay=50&menuid=64&boardtype=L&articleid=286285,625,2020.08.19.,dolemipasol,286265
