,issue_date,article_num,author,title,url,get_date,view_count
0,2020.08.17.,286184,GOCD,"Rab WITH GOCD REVIEW - ì„¸ê³„ 3ëŒ€ ë‹¤ìš´ ë¸Œëœë“œ ì¤‘ í•˜ë‚˜ì¸ ë© ê·¸ë¦¬ê³  í¼í…ìŠ¤ ì›ë‹¨ ""THE MOUNTAIN PEOPLE""",/ArticleRead.nhn?clubid=19943558&menuid=64&boardtype=L&page=1&specialmenutype=&userDisplay=50&articleid=285680,2020-08-19,"1,357"
1,2020.08.05.,286183,GOCD,PATAGONIA WITH GOCD REVIEW - ì‹¤ìš©ì„±ì„ ìœ„í•´ ë§Œë“¤ì–´ì§„ ê°€ë°© Paxat Pack 'Build for the practical' <íŒŒíƒ€ê³ ë‹ˆì•„>,/ArticleRead.nhn?clubid=19943558&menuid=64&boardtype=L&page=1&specialmenutype=&userDisplay=50&articleid=283046,2020-08-19,1.6ë§Œ
2,2020.07.24.,286182,GOCD,FJALLRAVEN WITH GOCD REVIEW - ì¼ìƒì—ì„œ ë§Œë‚˜ëŠ” í”¼ì—˜ë¼ë²¤ DAYPACKS FOR ANYWHERE,/ArticleRead.nhn?clubid=19943558&menuid=64&boardtype=L&page=1&specialmenutype=&userDisplay=50&articleid=280440,2020-08-19,1ë§Œ
3,2014.08.26.,286181,GOCD,2020 GOCD MANUAL,/ArticleRead.nhn?clubid=19943558&menuid=64&boardtype=L&page=1&specialmenutype=&userDisplay=50&articleid=44062,2020-08-19,14ë§Œ
4,2020.04.19.,286180,GOCD,ë°”ì´ëŸ´ ë§ˆì¼€íŒ… ë¸Œëœë“œ ë¦¬ìŠ¤íŠ¸ + ë§¤ë‰´ì–¼ ê°•í™”,/ArticleRead.nhn?clubid=19943558&menuid=64&boardtype=L&page=1&specialmenutype=&userDisplay=50&articleid=257213,2020-08-19,1.1ë§Œ
5,14:13,286179,ì œì£¼ê°€ì¢‹ë”ë¼,ì•Œë“  6243 ì§ˆë¬¸ ì˜¬ë ¤ë´…ë‹ˆë‹¤!,/ArticleRead.nhn?clubid=19943558&page=1&userDisplay=50&menuid=64&boardtype=L&articleid=286184,2020-08-19,30
6,14:07,286178,ì‹œí‹°ë³´ì´ì¦Œ,ê¸´ë°”ì§€ ì•ˆì— ì—¬ë¦„ìš© ì¿¨íƒ€ì´ì¦ˆ ì…ì–´ë„ ë ê¹Œìš”?,/ArticleRead.nhn?clubid=19943558&page=1&userDisplay=50&menuid=64&boardtype=L&articleid=286183,2020-08-19,59
7,14:02,286177,ëˆˆë¶€ì…”ë² ë² ,ë…¸ë€ ì‹ ë°œ ì½”ë”” ì‚¬ì§„ ì¢€ ê³µìœ í•´ì£¼ì„¸ìš©,/ArticleRead.nhn?clubid=19943558&page=1&userDisplay=50&menuid=64&boardtype=L&articleid=286182,2020-08-19,72
8,14:01,286174,ì´ì‹œí•˜ë¼ì‚¬í† ë¯¸,ë¦¬ì˜¤íŒŒ êµ­ë‚´ì— 45ì‚¬ì´ì¦ˆ ë“¤ì–´ì˜¤ëŠ” ê³³ ì•„ì´ì— ìƒµ ë¿ì¸ê°€ìš”...?,/ArticleRead.nhn?clubid=19943558&page=1&userDisplay=50&menuid=64&boardtype=L&articleid=286181,2020-08-19,104
9,13:57,286173,ë°˜ì§€ë°©,ì˜¤ë¼ë¦¬ ë‰´ë°œ ì•¤ë“œì—ì„œ ì´ë¯¸ ë“œë¡œìš° ëë‚œê±´ê°€ìš”?,/ArticleRead.nhn?clubid=19943558&page=1&userDisplay=50&menuid=64&boardtype=L&articleid=286180,2020-08-19,172
10,13:42,286170,íƒ€ì¡°ì•¼í™ì°¨ì¢€íƒ€ì¡°,"ì˜¤ì–´ìŠ¬ë¡œìš° í¼í‹°ê·¸, í”„ë¦¬ë§ˆë¡œí”„íŠ¸ ì‚¬ì´ì¦ˆ ì§ˆë¬¸!",/ArticleRead.nhn?clubid=19943558&page=1&userDisplay=50&menuid=64&boardtype=L&articleid=286179,2020-08-19,156
11,13:30,286167,ì¤‘ê²½301ê¸°,ì˜¥ìŠ¤í¬ë“œì…”ì¸   í°ìƒ‰vsíŒŒë€ìƒ‰,/ArticleRead.nhn?clubid=19943558&page=1&userDisplay=50&menuid=64&boardtype=L&articleid=286178,2020-08-19,338
12,13:26,286166,ì²œì•ˆí˜¸ë‘ì—°ë‘,993 ì •ì‚¬ì´ì¦ˆë¡œ ì£¼ë¬¸í–ˆëŠ”ë° ë§ì´ ë¶ˆí¸í• ê¹Œìš”?,/ArticleRead.nhn?clubid=19943558&page=1&userDisplay=50&menuid=64&boardtype=L&articleid=286177,2020-08-19,265
13,13:14,286165,christianlgy,ì•Œë“  íƒ±ì»¤ ìƒ‰ìƒ íˆ¬í‘œ ì¢€ ë¶€íƒ ë“œë¦½ë‹ˆë‹¤.,/ArticleRead.nhn?clubid=19943558&page=1&userDisplay=50&menuid=64&boardtype=L&articleid=286174,2020-08-19,156
14,13:09,286161,í´ë¡œë§¤ë‹ˆì•„,ë§¥ìŠ¤97 ì°©í™”ê° ì–´ë–¤ê°€ìš”,/ArticleRead.nhn?clubid=19943558&page=1&userDisplay=50&menuid=64&boardtype=L&articleid=286173,2020-08-19,174
15,12:40,286160,í•­ìƒë°°ê³ í””,ì‘ë…„ í™€ë¦¬ì„  íŒ¨ë”© ì‚¬ì‹  ë¶„ë“¤ ì–´ë– ì…¨ëŠ”ì§€ ê¶ê¸ˆí•©ë‹ˆë‹¤.,/ArticleRead.nhn?clubid=19943558&page=1&userDisplay=50&menuid=64&boardtype=L&articleid=286170,2020-08-19,569
16,12:12,286157,pleasey14,ìŠ¤íŠœë””ì˜¤ ë‹ˆì½œìŠ¨ ë¬´ë“œì˜ ë„ë©”ìŠ¤í‹± ë¸Œëœë“œ,/ArticleRead.nhn?clubid=19943558&page=1&userDisplay=50&menuid=64&boardtype=L&articleid=286167,2020-08-19,897
17,12:10,286156,zeroroad,lesca lunetier êµ¬ë§¤ ê³ ë¯¼,/ArticleRead.nhn?clubid=19943558&page=1&userDisplay=50&menuid=64&boardtype=L&articleid=286166,2020-08-19,306
18,12:08,286154,OKNOTOK,Cos ì™€ì´ë“œ ë°ë‹˜ ì–¸ì œ ì…ê³ ë˜ëŠ”ì§€ ì•„ì‹œëŠ” ë¶„ ê³„ì‹¤ê¹Œìš”,/ArticleRead.nhn?clubid=19943558&page=1&userDisplay=50&menuid=64&boardtype=L&articleid=286165,2020-08-19,406
19,12:00,286152,ì‚¼ë£¡ë™ë£¨ì¹´ì¿ ,ì—”ê°€ bduìì¼“ ì§ˆë¬¸ì´ìš”!,/ArticleRead.nhn?clubid=19943558&page=1&userDisplay=50&menuid=64&boardtype=L&articleid=286161,2020-08-19,440
20,11:58,286149,ìˆ²ìœ¼ë¡œë„ë§ê°€ì,991ê·¸ë ˆì´  VS  993ê·¸ë ˆì´,/ArticleRead.nhn?clubid=19943558&page=1&userDisplay=50&menuid=64&boardtype=L&articleid=286160,2020-08-19,702
21,11:44,286146,xxhdlr,í…”ë¦­ìª¼ë¦¬ ì‚¬ì´ì¦ˆ ì¶”ì²œë¶€íƒë“œë¦½ë‹ˆë‹¤ã…œ,/ArticleRead.nhn?clubid=19943558&page=1&userDisplay=50&menuid=64&boardtype=L&articleid=286157,2020-08-19,181
22,11:44,286143,ìŒë¬¸ê°€ì´,ë¹„ì •ìƒì¸ê°€ìš”....,/ArticleRead.nhn?clubid=19943558&page=1&userDisplay=50&menuid=64&boardtype=L&articleid=286156,2020-08-19,"1,186"
23,11:38,286138,IJIJI,ë§ˆë¥´ì§€ì—˜ë¼ ëª©ê±¸ì´,/ArticleRead.nhn?clubid=19943558&page=1&userDisplay=50&menuid=64&boardtype=L&articleid=286154,2020-08-19,255
24,11:22,286137,ëª¨ë¥´ê³ ìŠ¤,ë ˆë“œìœ™ êµ¬ë§¤í–ˆëŠ”ë°,/ArticleRead.nhn?clubid=19943558&page=1&userDisplay=50&menuid=64&boardtype=L&articleid=286152,2020-08-19,469
25,11:11,286135,ì˜·ë•ì´,ì˜¤ëœë§Œì— ì§ˆë¬¸ë“œë ¤ìš”! ì—”ê°€ í•˜ì´ëœë“œ íŒŒì¹´,/ArticleRead.nhn?clubid=19943558&page=1&userDisplay=50&menuid=64&boardtype=L&articleid=286149,2020-08-19,323
26,11:09,286134,fernando,ë‚¨ì ë¬´ë‚œí…œ ë¡œí¼ ì¶”ì²œ ë¶€íƒë“œë ¤ìš”,/ArticleRead.nhn?clubid=19943558&page=1&userDisplay=50&menuid=64&boardtype=L&articleid=286146,2020-08-19,146
27,11:07,286131,ì–¼ëœ¨,ì´ê±° ì±”í”¼ì˜¨ í‹°ì…”ì¸  ì‚¬ì´ì¦ˆê°€ ì–´ë–»ê²Œ ë ê¹Œìš”?,/ArticleRead.nhn?clubid=19943558&page=1&userDisplay=50&menuid=64&boardtype=L&articleid=286143,2020-08-19,157
28,10:45,286130,í•´ì¼,ë‰´ë°œ 530 ì¬ì…ê³  ì‚¬ë¼ë§ˆë¼?,/ArticleRead.nhn?clubid=19943558&page=1&userDisplay=50&menuid=64&boardtype=L&articleid=286138,2020-08-19,565
29,10:42,286129,ë½€ë¹ E,ì˜¤ë¼ë¦¬ ìŠ¬ë™ìŠ¤ ì¶”ì²œ ë¶€íƒë“œë¦½ë‹ˆë‹¤,/ArticleRead.nhn?clubid=19943558&page=1&userDisplay=50&menuid=64&boardtype=L&articleid=286137,2020-08-19,363
30,10:39,286127,v1dd,ìš”ìƒˆ ì¼ë³¸ EMS ì§€ì—°ìˆë‚˜ìš”?,/ArticleRead.nhn?clubid=19943558&page=1&userDisplay=50&menuid=64&boardtype=L&articleid=286135,2020-08-19,224
31,10:36,286125,awesome33,ë‰´ë°œ 327 ìƒ‰ìƒ ê³ ë¯¼,/ArticleRead.nhn?clubid=19943558&page=1&userDisplay=50&menuid=64&boardtype=L&articleid=286134,2020-08-19,201
32,10:18,286124,ì‹œí‹°ë³´ì´ì¦Œ,"ì´ìŠ¤íŠ¸ë¡œê·¸ ë°°í‹€í•„ë“œ ë°ë‹˜íŒ¬ì¸  ì‚¬ì´ì¦ˆ, ë²”ìš©ì„± ì§ˆë¬¸ì…ë‹ˆë‹¤",/ArticleRead.nhn?clubid=19943558&page=1&userDisplay=50&menuid=64&boardtype=L&articleid=286131,2020-08-19,209
33,10:17,286123,Junes,ìœ ìŠ¤ ìŠ¤íŠ¸ëŸ­ì³ ì‘ë…„ê³¼ ì°¨ì´ì ì´ ìˆë‚˜ìš”?,/ArticleRead.nhn?clubid=19943558&page=1&userDisplay=50&menuid=64&boardtype=L&articleid=286130,2020-08-19,416
34,10:13,286120,inc1605,í¬í„° ê°€ë°© ì •í’ˆì¸ê°€ìš”??,/ArticleRead.nhn?clubid=19943558&page=1&userDisplay=50&menuid=64&boardtype=L&articleid=286129,2020-08-19,394
35,10:07,286119,ì½©ë–¡,ì´ê±° ë¶ˆëŸ‰ì•„ë‹Œê°€ìš”?,/ArticleRead.nhn?clubid=19943558&page=1&userDisplay=50&menuid=64&boardtype=L&articleid=286127,2020-08-19,657
36,10:06,286118,ë½€ê¿€ë¡¬,ì €ëŠ” ê´œì°®ì•„ ë³´ì´ëŠ”ë° ì–´ë– ì‹ ê°€ìš”,/ArticleRead.nhn?clubid=19943558&page=1&userDisplay=50&menuid=64&boardtype=L&articleid=286125,2020-08-19,401
37,10:04,286114,Poloì¶©,ìƒˆë¡œìš´ ìŠ¤íƒ€ì¼ì— ëŒ€í•œ ì§ˆë¬¸! ìƒˆë¡œìš´ ìŠ¤íƒ€ì¼ ë„ì „ {ë¯¸ë‹ˆë©€>>ë„ë½•ë£©>>ìŠ¤íŠ¸ë¦¿íŒ¨ì…˜(ê°œì„±ìˆëŠ” íŒ¨ì…˜)}ğŸ˜­í•œë²ˆì”©ë§Œ ë´ì£¼ì„¸ìš”,/ArticleRead.nhn?clubid=19943558&page=1&userDisplay=50&menuid=64&boardtype=L&articleid=286124,2020-08-19,833
38,09:52,286113,xxhdlr,ì§êµ¬ì‚¬ì´íŠ¸ ì´ìš©ë²• ã…œã…œ,/ArticleRead.nhn?clubid=19943558&page=1&userDisplay=50&menuid=64&boardtype=L&articleid=286123,2020-08-19,183
39,09:39,286112,ë®,ì˜¤ì–´ìŠ¬ë¡œìš° 105 ì˜ ì•„ì‹œëŠ” ë¶„ ê³„ì‹¤ê¹Œìš”?,/ArticleRead.nhn?clubid=19943558&page=1&userDisplay=50&menuid=64&boardtype=L&articleid=286120,2020-08-19,361
40,09:27,286110,ìœ ì¸ë†ì¥,ì‚´ë¡œëª¬,/ArticleRead.nhn?clubid=19943558&page=1&userDisplay=50&menuid=64&boardtype=L&articleid=286119,2020-08-19,551
41,09:24,286109,ZJONO,993 ì •í’ˆì¸ê°€ìš”?,/ArticleRead.nhn?clubid=19943558&page=1&userDisplay=50&menuid=64&boardtype=L&articleid=286118,2020-08-19,624
42,07:57,286108,ê³ ê°€ì¦ˆì•„,ì•„í˜ì„ í•˜í”„ë¬¸ë°± êµ¬ë§¤ì²˜ ë¬¸ì˜,/ArticleRead.nhn?clubid=19943558&page=1&userDisplay=50&menuid=64&boardtype=L&articleid=286114,2020-08-19,596
43,07:46,286106,98,ê²½ê¸°ë„ì— ì˜¤ì–´ìŠ¬ë¡œìš° ì·¨ê¸‰ ë§¤ì¥ ìˆë‚˜ìš” ?,/ArticleRead.nhn?clubid=19943558&page=1&userDisplay=50&menuid=64&boardtype=L&articleid=286113,2020-08-19,"1,445"
44,07:13,286104,asdaw,í—ˆë²…ì§€ ì—„ì²­í° í¼í‹°ê·¸íŒ¬ì¸ ,/ArticleRead.nhn?clubid=19943558&page=1&userDisplay=50&menuid=64&boardtype=L&articleid=286112,2020-08-19,879
45,03:47,286103,ì„í˜„ì£¼,ì•„í¬í…Œë¦­ìŠ¤ ë„µíŠ  ìƒ‰ìƒ ë°ì¼ë¦¬ë£¨ ë¬´ë‚œí• ê¹Œìš”?,/ArticleRead.nhn?clubid=19943558&page=1&userDisplay=50&menuid=64&boardtype=L&articleid=286110,2020-08-19,"1,154"
46,03:09,286101,í†°ì•¤íƒ,í•„ê·¸ë¦¼ ë°”ëŒë§‰ì´ ì‚¬ì´ì¦ˆ ì§ˆë¬¸ë“œë¦½ë‹ˆë‹¤ëŒì¥,/ArticleRead.nhn?clubid=19943558&page=1&userDisplay=50&menuid=64&boardtype=L&articleid=286109,2020-08-19,844
47,02:58,286100,0303jun2,ë¯¸ë‹ˆë©€ ë°”ì§€ ì¶”ì²œì¢€ í•´ì£¼ì„¸ìš”!,/ArticleRead.nhn?clubid=19943558&page=1&userDisplay=50&menuid=64&boardtype=L&articleid=286108,2020-08-19,517
48,02:19,286099,ìŠˆì„¹ì½”,ì§­ ì§ˆë¬¸ í•˜ë‚˜ë§Œë”ã…œã…œ,/ArticleRead.nhn?clubid=19943558&page=1&userDisplay=50&menuid=64&boardtype=L&articleid=286106,2020-08-19,"1,324"
49,01:47,286094,ì¹´í‚¤í˜¸,ì„¸ì»¨íŒ©í† ë¦¬ ì œí’ˆì€ ë¬´ì¡°ê±´ í€ì¹­ ìˆë‚˜ìš”??,/ArticleRead.nhn?clubid=19943558&page=1&userDisplay=50&menuid=64&boardtype=L&articleid=286104,2020-08-19,409
