M,19F,32CPH7941,타 모델에 비해 젊은층 구매 비율이 높은편임
M,19F,32CPH7941,무난하게 쓸만한 핏이 예쁜 햇을 찾는 분들께 인기
M,19F,32CPH7941,너무 깊거나 챙이 퍼지지 않고 유행하는 핏으로 젊은층에게도 반응 좋음
M,19F,32CPHC941,2-40대까지 다양한 연령층의 여서우
M,19F,32CPHC941,무난하게 코디할수있는 버킷을 보는분들이 많이 써보심
M,19F,32CPHC941,힘이 없고 흐물흐물해서 착용시 핏이 잡히지 않는 느낌
M,19F,32CPHD941,1-30대 두상이 작은 여성 고객이나 어린 학생층
M,19F,32CPHD941,다른모델들은 사이즈로인해 착용이 어려운 고객이 많이 봄
M,19F,32CPHD941,깊이가 얕고 챙이 짧아 특히 남성 고객 착용시 얹혀진 듯한 느낌이 있음 하지만 어린 학생층이나 두상 작은 여성 고객에게서는 반응 좋은편. 
M,19F,32CPHD941,여성고객
M,19F,32CPHD941,여성스러움
M,19F,32CPHD941,깊이가 낮고 사이즈는 커서  착용감이 너무 별루입니다 덜 써지는 느낌입니다
M,19F,32CPH3941,2~30대
M,19F,32CPH3941,핏이 이쁘고 마스크랑 잘어울리며 시크한 느낌이 연출됨
M,19F,32CPH3941,시크한 그낌을 주며 스타일리시 함
M,19F,32CPH3941,10~20대 여성고객
M,19F,32CPH3941,스트릿패션으로 쓰시길원함.
M,19F,32CPH3941,여자가쓰기엔너무 크다
M,19F,32CPH1941,20~40대 여성고객. 전연령 많이 보는데 크다는 말씀 많이하심
M,19F,32CPH1941,디자인
M,19F,32CPH1941,크다
M,19F,32CPHC941,20대. 
M,19F,32CPHC941,디자인
M,19F,32CPHC941,디자인이 깔끔해서 남자분들이 많이 보긴 하지만 주 고객층은 여성분. 여성분이 쓰기엔 크다
M,19F,32CPHO941,20~50대까지다양하게보시는디자인입니다
M,19F,32CPHO941,디자인이유니크해서
M,19F,32CPHO941,둘레가너무작아 마네킨착장시에딱맞는정도입니다.
M,19F,32CPH3941,10대 ~ 20대 힙하게 입는 친구들한테 인기가 좋음
M,19F,32CPH3941,MLB만의 특이한 디자인으로 유니크함
M,19F,32CPH3941,남여 구분없이 많이들 찾으심
M,19F,32CPHA941,20~40 대까지 찾습니다.
M,19F,32CPHA941,디자인이 귀여워서 홈페이지에서 보시고 오는 분들이 많습니다.
M,19F,32CPHA941,깊이감도 적당히 깊고 창길이가 짧아서 많이 찾습니다.
M,19F,32CPHD941,10~30대 주로 찾습니다.
M,19F,32CPHD941,디자인이 예뻐서 찾습니다.
M,19F,32CPHD941,남녀가 같이 쓰기 예쁩니다.
M,19F,32CPH1941,"모노그램핏이 유행이라 많이들보심,"
M,19F,32CPH1941,프리싸이즈라 살짝 여유감이 있어 착용하기 편함.
M,19F,32CPH8941,3040대
M,19F,32CPH8941,여성스러움.
M,19F,32CPH8941,여성 고객구매 많음
M,19F,32CPHB941,10대~20대 젏은 층 고객들이 많이 사가심
M,19F,32CPHB941,스트릿 느낌이라 가격상관 안하시고 사가심
M,19F,32CPHB941,역시 작음...
M,19F,32CPH1941,"중국이 제일 인기좋고, 국내에선 30대여성들에게 젤 인기있다."
M,19F,32CPH1941,디자인이 유니크해서
M,19F,32CPH1941,여자가 쓰기에 좀 크다. 두가지정도는 나와줬으면 ..
M,19F,32CPH3941,20-30대
M,19F,32CPH3941,디자인이 시크함
M,19F,32CPH3941,디자인이 시크하고 멋있음
M,19F,32CPHA941,20~30대
M,19F,32CPHA941,귀엽고 유니크해서
M,19F,32CPHA941,곰 캐릭터가 포인트로 귀엽고 유니크한 느낌 
M,19F,32CPH1941,20~30대 여성고객들이 많음
M,19F,32CPHF941,20~30대 주로 찾습니다.
M,19F,32CPHF941,디자인이 예쁘고 포인트가 있어서 좋아합니다.
M,19F,32CPHF941,남자분들이 쓰기엔 작아요.
M,19F,32CPHI941,30대 주로 찾습니다.
M,19F,32CPHI941,디자인이 유니크합니다.
M,19F,32CPHI941,깊이도 애매하고 창길이가 짧습니다.
M,19F,32CPH3941,챙이 넓고 깊다. 
M,19F,32CPH1941,다양한연령대 두상 작으신분이많다
M,19F,32CPH1941,모노그램으로 고급스럽다
M,19F,32CPH1941,모노그램의 포인트를 강조
M,19F,32CPH3941,젊은 고객에게 반응좋음
M,19F,32CPH3941,"협찬도하고있고, 착용하면 멋스럽다"
M,19F,32CPHA941,디자인이 유니크하다.
M,19F,32CPHA941,남자가쓰기엔 너무 작다.
M,19F,32CPHA941,20대중후반 두상 작은 여성고객님
M,19F,32CPHE941,10~40대 주로 찾습니다.
M,19F,32CPHE941,디자인이 무난하고 예뻐서 고객분들이 많이 찾습니다.
M,19F,32CPHE941,사이즈가 두가지 나와서 두상이 작은 분들이 좋아하십니다.
M,19F,32CPH1941,20~30대 여성고객층이 많음 연예인 윤미래가 직접 구매하러옴 두상이 크거나 작아도 다 만족해 하심 창이 넓어 더 예쁨 
M,19F,32CPH1941,차양을 목적으로 오시는 분도 있지만 SNS나 인스타에서 보시고  통해 구매하러 오시는 분들이 더 많음 
M,19F,32CPH1941,원싸이즈로 나오지만 창이 넓어 남자나 여자에게 판매하기 어렵지 않음
M,19F,32CPH3941,편하다.
M,19F,32CPHE941,20대 30대
M,19F,32CPHE941,유니크
M,19F,32CPHE941,남녀 반응 좋음.
M,19F,32CPH3941,10~20.30대 남성고객층
M,19F,32CPH3941,깔끔한 유니크한 디자인.
M,19F,32CPH3941,여성고객들이 많음 
M,19F,32CPH3941,역시 보시고 오시는 분들이 많으며 일반챙모자를 보러 오셨다가 사가시는 분도 많음 
M,19F,32CPH3941,착용감이 좋으며 구겨져도 썼을때 어색함이 없이 나름대로의 멋이 있음
M,19F,32CPHF941,연령 상관없이 좋아하심
M,19F,32CPHF941,디자인의 유니크함 다른 브랜드에서 만들지 못하는 특이한 디자인이 특징
M,19F,32CPHF941,"남자가 쓰기에는 좀 과함 , 여성고객들 위주의 디자인"
M,19F,32CPH8941,20~30대 남성.
M,19F,32CPH8941,디자인이 유니크해서
M,19F,32CPH8941,작은사이즈 하나더 나왔으면 좋겠음.
M,19F,32CPHE941,20~30대
M,19F,32CPHE941,버킷햇중 가장 심플하면서도 멋스러운 표준디자인
M,19F,32CPHE941,"시크하면서도 평범한 디자인 ,연출에따라 달라지는 햇"
M,19F,32CPH8941,30대 남녀 
M,19F,32CPH8941,다른 디자인에 밀리기는 하나 역쉬 반응이 나쁘지 않음 소재감으로 운동할때도 찾으심 
M,19F,32CPH8941,무난하지만 챙의 로고로 세련됨 
M,19F,32CPHA941,"여성분들에게 쓰기 아주예쁘고, 사이즈도 하나가 더 나와주니 판매가 잘됨."
M,19F,32CPHG941,2030대
M,19F,32CPHG941,여성스러움
M,19F,32CPHG941,여자 쓰기에 좋음
M,19F,32CPHA941,"싸이즈나와 편함,"
M,19F,32CPH8941,햇빛을 많이 가려주면서도 튀지않을만한 디자인을 찾으시는 고객님들이 편하게 쓸 목적으로 구매하심.
M,19F,32CPH8941,젊은 연령층은아닌 40대 중후반 여성 고객님들이 찾으심
M,19F,32CPH8941,다른 소재보단 가벼운 느낌을 받긴함 . 근데 그닥 이쁘진않음 . 
M,19F,32CPHU941,2030대
M,19F,32CPHU941,여성스럽고 예쁨
M,19F,32CPHU941,여성고객이 많을듯
M,19F,32CPHD941,20~30
M,19F,32CPH1941,20대부터 4-50대 까지의 여성고객
M,19F,32CPH1941,차양을 위한 여행용모자/특이하고 고급스러운 디자인의 햇을 찾는분들
M,19F,32CPH1941,핏은 주 구매 연령대에 맞게 잘 나온 느낌. 깊이가 더 얕아져도 좋을듯함
M,19F,32CPH9941,주로 2-30대 여성고객
M,19F,32CPH9941,무난하게 코디할수있는 햇을 찾는 젊은층
M,19F,32CPH9941,"깊이감,넓이 등등 적당하나 챙 끝부분이 약간 퍼지는 느낌 들어 아쉬움"
M,19F,32CPHA941,2-30대부터 기존 햇들을 부담스럽게 느끼는 중년여성층
M,19F,32CPHA941,차양을 목적으로한 야외활동용 모자/무난한 디자인의 햇
M,19F,32CPHA941,효과적인 차양이 되는 핏으로 인기가 좋음 
M,19F,32CPH8941,30~40대 
M,19F,32CPH8941,차양 목적으로 착용시 편리함
M,19F,32CPH8941,여성고객들에게 사이즈가 큽니다
M,19F,32CPHI941,10대 20대 여성분들
M,19F,32CPHI941,적당한핏과 포인트가과하지않아서
M,19F,32CPHI941,예쁘고 편하다.
M,19F,32CPH1941,"20~40대 여성고객 ,"
M,19F,32CPH1941,예뻐서
M,19F,32CPH1941,여성분들이 쓰기엔 딱 좋으나 남성분들이 쓰기엔 작음 
M,19F,32CPHA941,20.30대여성
M,19F,32CPHA941,디자인이귀여워서
M,19F,32CPHA941,깊이와사이즈가적덩합니다
M,19F,32CPHG941,20대 여성
M,19F,32CPHG941,디자인
M,19F,32CPHG941,깊으면서 창은 짧아서 쓰면 좀 어정쩡한 느낌. 
M,19F,32CPH8941,30-40대 남자분
M,19F,32CPH8941,디자인이 깔끔하고 가벼운소재
M,19F,32CPH8941,깔끔하고 넉넉한싸이즈로 남자분들에게 인기있는 스타일
M,19F,32CPH3941,10~20대 남성고객층
M,19F,32CPH3941,유니크한 디자인
M,19F,32CPH3941,유니크해서 멋있음
M,19F,32CPHC941,연령 상관없이 많이 찾으심
M,19F,32CPHC941,눈쪽라인도 딱맞춰서 쓸수 있어 약간의 시크함을 표현하기에 적합
M,19F,32CPHC941,다른 브랜드와 비교해도 사이즈나 디자인에 있어서 꿀리지않음
M,19F,32CPHD941,20대~30대 연령대가 많이 쓰심
M,19F,32CPHD941,너무 심플하지도 과하지도 않아 부담없이 쓸수 있는 장점
M,19F,32CPHD941,이또한 사이즈를 큰사이즈도 만들었으면 더욱 잘나갔을듯
M,19F,32CPH3941,20대..
M,19F,32CPH3941,가격보다는 옷잘입는여성분들이 포인트되게 착용목적으로 구매
M,19F,32CPH3941,남성보다는 여성분들이 많이 착용
M,19F,32CPHG941,30대 주로 찾습니다.
M,19F,32CPHG941,창에 레터링이 있어서 고객님들이 좋아하십니다.
M,19F,32CPHG941,포인트가 있어서 유니크합니다.
M,19F,32CPH3941,"20,30 대의 여성고객님들이 많이보심. 두상사이즈는 다양함."
M,19F,32CPH3941,챙위 레터링이 스타일리쉬한 느낌을 주기도하고 포인트로 쓰기에 이쁨 
M,19F,32CPH3941,이 디자인같은경우는 두상이 큰사람도 깊게 푹쓸수있는 넉넉한 사이즈라서 썻을때의 스트릿감성이 돋보임 
M,19F,32CPH8941,20~30대 남녀
M,19F,32CPH8941,디자인이 시크함
M,19F,32CPH8941,멋있고 세련된 느낌 남녀 모두 괸찬음
M,19F,32CPHG941,젏은 층이라면 다들 좋아하는 디자인
M,19F,32CPHG941,핏감도 이쁘고 스트릿 감성을 추가해 많이 보심
M,19F,32CPHG941,시크하고 멋있고 패션의대한 센스가 넘침
M,19F,32CPH8941,가볍고 시원한 소재의 햇을 찾는분들. 보통 여행용
M,19F,32CPH8941,3~50대 여성고객층
M,19F,32CPH8941,쿨필드 소재로 핏이 딱 잡히지 않고 흐물흐물함. 깊이도 많이 깊어 착용시 귀가 불편하다/시야가 거슬린다 라는 의견 있음
M,19F,32CPH1941,20대
M,19F,32CPH1941,독특해서 모노그램이 인기가 상승해서
M,19F,32CPH1941,여자가 쓰기에 너무 크다 여자분들만 찾는다
M,19F,32CPH3941,20대 여성고객 
M,19F,32CPH3941,예뻐서 
M,19F,32CPH3941,둥근스타일의 버킷을 싫어하는 고객들이 선호함
M,19F,32CPH8941,30대 남성분들.
M,19F,32CPH8941,"색다른 소재,무난함"
M,19F,32CPH8941,더 편하다
M,19F,32CPHC941,20대 여성
M,19F,32CPHC941,디자인이 심플해서
M,19F,32CPHC941,여자가쓰기엔 너무 커보임
M,19F,32CPHV941,10대 20대 여성분들
M,19F,32CPHV941,디자인이 유니크하다.
M,19F,32CPHV941,색다르다.
M,19F,32CPH7941,미입고
M,19F,32CPH7941,미입고
M,19F,32CPH7941,미입고
M,19F,32CPH1941,20~30대  여성스럽고 머리기장이 긴여성들이 잘어울림
M,19F,32CPH1941,디자인차원에서 
M,19F,32CPH1941,사이즈가 약간 크지만 버킷햇은 원래 크게 착용하는걸 설명하면 별 무리없이 구매가능..챙이 약간 짧은듯 합니다
M,19F,32CPHD941,10대 후반에서 20대 초반
M,19F,32CPHD941,패션으로 착용목적
M,19F,32CPHD941,크라운 부분이 좀 타이트하다는 의견이 조금있었음
M,19F,32CPHB941,10~30대 남여 모두
M,19F,32CPHB941,디자인
M,19F,32CPHB941,기본형식이고 사이즈가 나와 남여모두에게 반응 좋음
M,19F,32CPHC941,20~30대 찾습니다.
M,19F,32CPHC941,기본 필체 로고여서 많은 고객분들이 찾습니다.
M,19F,32CPHC941,기본 버킷햇이여서 더 편한감이 있습니다.
M,19F,32CPH8941,20대~40대 고객들이 많이 찾지만 고연령층들이 더 좋아하심
M,19F,32CPH8941,디자인은 심플해서 깔끔함
M,19F,32CPH8941,착용 핏감은 머리 둘레를 좀더 큰 사이즈를 만들면 좋을듯
M,19F,32CPHA941,10-40대 고객층이 다양함
M,19F,32CPHA941,디자인이 깔끔하고 유니크함
M,19F,32CPHA941,편한싸이즈
M,19F,32CPHB941,10~30대 주로 찾습니다.
M,19F,32CPHB941,디자인이 무난해서 많이 찾습니다.
M,19F,32CPHB941,두상이 큰 남자 고객님들이 쓰기엔 작습니다.
M,19F,32CPHA941,10대층 어린분들이 선호하심
M,19F,32CPHA941,디자인은 귀여움
M,19F,32CPHA941,이또한 사이즈가 너무 작게만 나옴
M,19F,32CPHC941,3040대
M,19F,32CPHC941,유니크
M,19F,32CPHC941,편안한 느낌
M,19F,32CPHF941,2030대
M,19F,32CPHF941,여성스러움
M,19F,32CPHF941,여성고객이 많음
M,19F,32CPHO941,30~40대 주로 찾습니다.
M,19F,32CPHO941,디자인이 유니크하고 특이해서 찾습니다.
M,19F,32CPHO941,기본핏이여서 많은분들이 좋아하십니다.
M,19F,32CPH8941,20~30대 남여고객.
M,19F,32CPH8941,쿨필드소재.
M,19F,32CPH8941,가볍고 소재가 흐물흐물해서  각이 잘 안잡힘.
M,19F,32CPHI941,2030대
M,19F,32CPHI941,유니크
M,19F,32CPHI941,"남자는 적은 느낌,"
M,19F,32CPHC941,20~30
M,19F,32CPHC941,차양 ..디자인 모두 충족
M,19F,32CPHC941,챙기장이 적당하고 디자인도 예븝니다
M,19F,32CPHO941,3040대
M,19F,32CPHO941,유니크
M,19F,32CPHO941,로고 프린트가 포인트
M,19F,32CPHA941,20~30 고객층 여성 남성 
M,19F,32CPHA941,귀여워서 써보시는 분들도 많으며 요즘 햇의 인기로  트렌디해서 구매하심 
M,19F,32CPHA941,착용감이 좋으며 챙이 많이 안길어도 많이 가려짐 캐릭터가 예쁨
M,19F,32CPHA941,10~20대 여성고객
M,19F,32CPHA941,캐릭터 귀여움.
M,19F,32CPH1941,10-20대의 여성고객
M,19F,32CPH1941,깊이가 낮다
M,19F,32CPH1941,패션
M,19F,32CPH1941,30대 초중반 여성분들이 많이 보심.
M,19F,32CPH1941,패턴이 유행이라 많이들 보심.
M,19F,32CPH1941,여자가 쓰기엔 너무 크다.
M,19F,32CPH1941,1~30대 여성고객 (특히 중국 고객)
M,19F,32CPH1941,디자인 패턴
M,19F,32CPHD941,20대 여성
M,19F,32CPHD941,디자인
M,19F,32CPHD941,사이즈가 나오고 둥근 형태라 여성분 쓰기 좋음. 남자분들한테는 작음.
M,19F,32CPHD941,"10,20대여성남성"
M,19F,32CPHD941,스타일링용
M,19F,32CPHD941,너무낮아착용을해보시면판매로이어지기힘들어요 
M,19F,32CPHE941,나이와성별다양하게인기가좋습니다.
M,19F,32CPHE941,시크한디자인
M,19F,32CPHE941,깊이감과둘레가적당합니다.다만두상작은여성분드러에겐많이커서사이즈가나왔으면 합니다.
M,19F,32CPHI941,20~30대남성
M,19F,32CPHI941,디자인이유니크함
M,19F,32CPHI941,더멋있긴하나 남자가쓰기엔 싸이즈가좀작아요
M,19F,32CPHI941,20대 여성
M,19F,32CPHI941,디자인
M,19F,32CPH9941,20~30대 
M,19F,32CPH9941,빈티지하고 자연스러운 느낌
M,19F,32CPH9941,햇의 멋스러움에 빈티지의 자연스러움이 더함
M,19F,32CPHC941,30-40대
M,19F,32CPHC941,깔끔한디자인
M,19F,32CPHC941,더편하다
M,19F,32CPH3941,3040대
M,19F,32CPH3941,유니크
M,19F,32CPH3941,로고포인트 여성고객 판매가 주를 이룸
M,19F,32CPH9941,10대~30대 주연령층은 10대분들이 많이 하심
M,19F,32CPH9941,힙합을 좋아한다면 많이 쓰시는 스트릿 감성
M,19F,32CPH9941,다른 브랜드의 비해서는 둘레가 너무 작음
M,19F,32CPHA941,3040대
M,19F,32CPHA941,여성스러움
M,19F,32CPHA941,남자 쓰기에 작은느낌.
M,19F,32CPHD941,시크한 느낌
M,19F,32CPHD941,두상 작은 고객 판매 용이
M,19F,32CPH1941,10-40대 다양한 고객층
M,19F,32CPH1941,디자인이 이쁨
M,19F,32CPH1941,멋있고 흔하지않은 디자인
M,19F,32CPHE941,20대가 많이 찾긴하지만 인기상품은 아님...
M,19F,32CPHE941,디자인은 그냥 심플
M,19F,32CPHE941,남여에게 사이즈가 적절치 않음 여자는 크고 남자는 작고 예매한 둘레를 만들었다고 봄
M,19F,32CPH3941,"20~30대 남여모두, 기본적인 얼굴, 두상 사이즈가 평균 이하는 쓰기 어려움."
M,19F,32CPH3941,디자인이 유니크해서
M,19F,32CPH3941,작기도 크기도하다. 줄일 수 없는 데에 비해 프리사이즈라는건 좀 한계가 있다.
M,19F,32CPHA941,챙기장이 길어 구매고객이 한정됨
M,19F,32CPHA941,10~20대
M,19F,32CPHA941,디자인이 귀여움
M,19F,32CPHA941,20~40대 여성
M,19F,32CPHA941,디자인과 핏이 예뻐서
M,19F,32CPH1941,주로 젊은연령대에 판매가 이뤄지는 상품입니다
M,19F,32CPH1941,트랜디한 패턴이 젊은층들에게 반응을 얻는것 같습니다
M,19F,32CPH1941,여자분들은 깊이감이 너무 깊다고 하시는 분들이 많네요
M,19F,32CPH3941,유니크한 디자인을 찾는 중국인 고객들
M,19F,32CPH3941,흔히 볼 수 없는 느낌의 디자인
M,19F,32CPH3941,다소 깊고 챙도 넓게 퍼지는느낌. 주 고객층이 여성이므로 깊이는 조금 더 얕아져도 될듯함
M,19F,32CPHA941,10~30 주로 여성고객들
M,19F,32CPHA941,여성스럽고 이뻐서 차양 목적으로도 좋음
M,19F,32CPHA941,돔 형태의 핏이 착용시 여성스럽다
M,19F,32CPH8941,2~30대
M,19F,32CPH8941,시크하면서 가볍고 시원하며 자외성 차단의 기능성
M,19F,32CPH8941,쓴듯안쓴듯 편하고 시원하다
M,19F,32CPH8941,20대
M,19F,32CPH8941,디자인
M,19F,32CPH8941,크다
M,19F,32CPH1941,"30,40대여성분들"
M,19F,32CPH1941,유니크한디자인을찾는분들에게인기가좋음
M,19F,32CPH1941,깊이감이적당하나사이즈가프리라 여성분들에겐큰감이없지않아있음
M,19F,32CPHE941,10 20 30대 다들 좋아하심.
M,19F,32CPHE941,가격도 괜찮고 디자인도 깔끔해서
M,19F,32CPHE941,더 예쁘다고 생각한다.
M,19F,32CPH8941,40.50대여성분들
M,19F,32CPH8941,기능성소재에디자인이아웃도어보다는예뻐서
M,19F,32CPH8941,사이즈가크지만아웃도어보단디자인이차별화되어서
M,19F,32CPHU941,10 20 대 여성분들
M,19F,32CPHU941,디자인이 유니크해서
M,19F,32CPHU941,다른브랜드와달리 디자인이 색다르다.
M,19F,32CPHE941,20대 남여고객
M,19F,32CPHE941,디자인
M,19F,32CPHE941,사이즈가 나오고 깔끔한 디자인이라 반응 좋음
M,19F,32CPHG941,20~40여자분
M,19F,32CPHG941,디자인이이븜
M,19F,32CPHG941,편하고 멋잇다.
M,19F,32CPHI941,"30,40대여성분들"
M,19F,32CPHI941,유니크한디자인
M,19F,32CPHI941,돔형태가아니지만 완벽한차양이가능한 핏입니다.
M,19F,32CPHB941,1-30대 젊은고객
M,19F,32CPHB941,깊이가 깊지 않은 햇을 보는분들과 커플로 맞출 모자를 보는 분들께 인기 좋음
M,19F,32CPHB941,적당한 깊이와 둘레로 누가 착용해도 안정적인 핏
M,19F,32CPH1941,모노그램은3 0~40대 확실히 여성고객이많음  단색은 7:3으로 여성이 많음 두상은 작은고객이 많음
M,19F,32CPH1941,디자인때문도 있고 챙있는 캡보다는 답답함 없이 쓰기 좋습니다
M,19F,32CPH1941,단색은 남자가 쓰기에 작습니다 디자인이 예뻐서 구매하는 경우가 많습니다
M,19F,32CPH3941,20~30 남녀 모두 인기
M,19F,32CPH3941,멋스럽고 유니크한 디자인
M,19F,32CPH3941,시크함
M,19F,32CPHC941,남성고객 여성고객은 두상이 좀 큰고객들
M,19F,32CPHC941,여성고객이 쓰기에는 큽니다
M,19F,32CPHC941,착용시 편안함과 차양목적
M,19F,32CPH1941,20~30대
M,19F,32CPH1941,유행하는 패턴이며 패턴자체로 디자인이 강조된 상품이라 디자인연출시 모자에 포인트를 주기에 멋스러움 
M,19F,32CPH1941,"여자가 쓰기에 비교적 크며 스타일리시 하면서 시키한 느낌 연출,"
M,19F,32CPHB941,20대초반 여성분들
M,19F,32CPHB941,디자인이 유니크해서.
M,19F,32CPHB941,남자가쓰기엔 너무 작음
M,19F,32CPH3941,20대 여성층
M,19F,32CPH3941,디자인
M,19F,32CPH3941,크다
M,19F,32CPH1941,"국내 고객층 에게도 반응이 좋지만 태국이나, 중국 손님들께 반응이 아주 좋습니다. 두상이 좀 작은 여성분들이 좋아하심."
M,19F,32CPH1941,디자인이 유니크 해서 인것 같아요. 핏은 두상 작으신 여성분들이 쓰시다 보니 괜찮은데 두상이 좀 큰 분들은 작다고 하시는 분들도 계십니다.
M,19F,32CPH1941,"다른 브랜드나 보세에서 많이 나오는 햇 스타일과 비교했을땐 챙 부분, 둘레부분이 조금 작고 깊이는 적당히 깊은것 같습니다."
M,19F,32CPHA941,10~20
M,19F,32CPHA941,디자인
M,19F,32CPHA941,사이즈가 나와 좋음
M,19F,32CPH3941,"20,30대"
M,19F,32CPH3941,디자인이유니크해서
M,19F,32CPH3941,여성분들이쓰기엔 둘레가 큽니다
M,19F,32CPHG941,20대 중후반
M,19F,32CPHG941,디자인이 예쁘다.
M,19F,32CPHG941,예쁘고 편하다
M,19F,32CPHO941,20대중후반
M,19F,32CPHO941,디자인이 트렌드에 맞아서
M,19F,32CPHO941,예쁘게나왔다.
M,19F,32CPHC941,10~40대까지다양한연령층과다양한성별에게모두인기입니다.
M,19F,32CPHC941,깔끔하고시크한디자인
M,19F,32CPHC941,둘레가작은편이라남성분들에겐많이작습니다
M,19F,32CPHF941,20대 여성
M,19F,32CPHF941,디자인
M,19F,32CPHF941,사이즈가 나오는데 거의 57사이즈면 해결 가능. 
M,19F,32CPH1941,"20~30대여성, 한 사이즈만 나와서 두상이 작은분들은 불편해 하십니다."
M,19F,32CPH1941,유니크하고 시크해서 많이 찾습니다.
M,19F,32CPH1941,여자가 쓰기에는 너무 큽니다.
M,19F,32CPHE941,2-40대 여성고객층
M,19F,32CPHE941,차양을 목적으로한 여행용모자/무난한 스타일의 챙이 넓은 햇
M,19F,32CPHE941,깊이감과 넓고 굽이진 챙으로 여성분들이 뒤로 넘겨썼을때 예쁨. 남성 고객들은 부담스러워 하는 핏
M,19F,32CPHF941,"40,50대여성분들"
M,19F,32CPHF941,차양이목적이지만디자인이예쁜걸찾으시는분들에게인기있습니다.
M,19F,32CPHF941,완벽한차양을할수있는 돔형태의햇
M,19F,32CPH3941,20~40대 까지 
M,19F,32CPH3941,디자인 특이해서 고객님들이 많이 찾습니다.
M,19F,32CPH3941,깊이 감이 있어서 예쁩니다.
M,19F,32CPHG941,"20,30,40대여성,남성분들"
M,19F,32CPHG941,세련된디자인
M,19F,32CPHG941,사이즈가너무커서 여성분들에게판매가이루어지기힘듭니다.
M,19F,32CPHD941,20대 여성
M,19F,32CPHD941,무난한 디자인으로 어떤 룩에 코디해도 예쁘고 가격대도 저렴하다
M,19F,32CPHD941,두상이 작거나 얼굴형이 동그란 여성 고객에게도 잘어울리는 핏이라고 생각한다.
M,19F,32CPHO941,"20대 남성,여성 둘다"
M,19F,32CPHO941,디자인
M,19F,32CPHO941,남여 모두에게 반응이 좋은 디자인. 사이즈가 나와 좋음
M,19F,32CPH1941,20대 여성고객 두상이 작으신분들이 많이 찾으심
M,19F,32CPH1941,디자인이 타사와는 다른 차별화 
M,19F,32CPH1941,남성이 쓰기에는 너무 작음 
M,19F,32CPHU941,미입고
M,19F,32CPHU941,미입고
M,19F,32CPHU941,미입고
M,19F,32CPHV941,미입고
M,19F,32CPHV941,미입고
M,19F,32CPHV941,미입고
M,19F,32CPH8941,20~30대
M,19F,32CPH8941,소재가 특이해서 많이 찾습니다.
M,19F,32CPH8941,여자가 쓰기엔 너무 깊습니다.
M,19F,32CPH9941,미입고
M,19F,32CPH9941,미입고
M,19F,32CPH9941,미입고
M,19F,32CPHD941,20-30대여자분
M,19F,32CPHD941,디자인이 귀엽고 여성스러움
M,19F,32CPHD941,여자분들이 쓰기에 귀여움
M,19F,32CPHC941,20-40
M,19F,32CPHC941,30.40대는 차양목적으로 많이 찾으시는데 예쁘고 깔끔해서 반응이 좋음
M,19F,32CPH7941,10대 연령층이 많이 찾으심 
M,19F,32CPH7941,디자인은 요즘 스타일에 따라 띠형식이 세련됨을 표현함
M,19F,32CPH7941,"남자가 쓰기에는 너무 작음 , 거의 여성고객들이 많이 쓰심"
M,19F,32CPH1941,3040대 두상 작으신편임.
M,19F,32CPH1941,유니크
M,19F,32CPH1941,"남자가 쓰기에 적은 느낌,여자는 반대로 약간 큰느낌."
M,19F,32CPH7941,2030대
M,19F,32CPH7941,유니크
M,19F,32CPH7941,깔끔함
M,19F,32CPHO941,두상이 작은분들이 많이 착용하심
M,19F,32CPHO941,시크함을 표현하기에 좋은 디자인
M,19F,32CPHO941,챙길이는 긴대 머리둘레가 작게 나와 핏감은 좋지 않음
M,19F,32CPH1941,"20~30대혹은40대여성고객, 남성고객님 보단 여성고객님들이 더 많이 보심, 여성 평균사이즈 정도"
M,19F,32CPH1941,기존디자인들은 심플하여서 좀더 화려하고 포인트가 되어서 많이 착용해보심
M,19F,32CPH1941,"여성 고객님들한텐 조금 큰사이즈, 타 브랜드에 비해 깊이가 있어서 더욱더 좋아하심"
M,19F,32CPHF941,20~30
M,19F,32CPHF941,디자인이 여성스럽고 예쁩니다
M,19F,32CPH9941,2030대
M,19F,32CPH9941,유니크
M,19F,32CPH9941,편안함.
M,19F,32CPHE941,"20대 초반 젊은 여성분들이 깔끔하거 찾으실때 30,40대 운동(산)가실때 "
M,19F,32CPHE941,기본형으로 데일리 햇으로도 인기가 좋으며 깔끔해서 차양목적으로도 좋아하심 
M,19F,32CPHE941,착용감이 좋음 로고가 안보여서 깔끔함  기본형으로 좋음 
M,19F,32CPHF941,20~30대
M,19F,32CPHF941,컬러배합이 이쁘고 특히 여성고객들에게 인기가 많고 귀엽고 유니크함과 동시에 힙한 느낌도 있음
M,19F,32CPHF941,타 브랜드에 비해 MLB에 특정화된 디자인 느낌이며 여자가 쓰기에 더 잘어울린다.
M,19F,32CPHG941,여자분들이 많이 보심 
M,19F,32CPHG941,차양과 디자인이 귀엽고 예쁨 
M,19F,32CPHG941,착용감이 좋으며 많이 써보심 
M,19F,32CPHV941,10대에서 30대 층이 많이 쓸듯
M,19F,32CPHV941,디자인은 심플해서 다들 많이 찾을듯
M,19F,32CPHV941,사이즈는 적당함
M,19F,32CPHE941,10~40 57사이즈가 만들어져 여성고객 구매가 늘어남
M,19F,32CPHG941,20~30대
M,19F,32CPHG941,자수를 통해 시크하며 트렌디한 느낌   
M,19F,32CPHG941,더 시크하다 자수가 멋스러움이 강조된다
M,19F,32CPHE941,"20,30,40 다양한 연령층으로 구매하심 성별도 여성 남성 크게 갈리지 않음."
M,19F,32CPHE941,트레이닝 복에도 캐주얼한 옷에도 잘어울림 그래서 막쓰기 편하고 챙이 길어서 햇빛을 많이 가려줌 
M,19F,32CPHE941,무난한 핏과 디자인 . 기본이라 버킷중에선 나름 판매율이 높은 디자인
M,19F,32CPH1941,20~30대 여성외국고객님들
M,19F,32CPH1941,"스타일,멋으로 구매. "
M,19F,32CPH1941,"챙이 넓어서 햇빛도 많이 가려지는 일석이조 스타일,다른 스포츠브랜드에서는 나올수없는 디자인"
M,19F,32CPHA941,20~30여성분들에게반응이 좋았고 초등학생들한테도 인기잇었습니다
M,19F,32CPHA941,20대
M,19F,32CPHA941,귀여운 곰돌이와펜
M,19F,32CPHA941,여성분들이 쓰시기엔 57은작고 59는 큼
M,19F,32CPH8941,20대 여성고객분들.주로 버킷을 여성분들이 많이착용
M,19F,32CPH8941,차양도 목적이지만 깊게 쓸수있는 스타일
M,19F,32CPH8941,스포츠 브랜드임에도 불구하고 여성브랜드 처럼 깊이가 많이 깊게나온스타일
M,19F,32CPHB941,10~20대 (남)
M,19F,32CPHB941,캐쥬얼한 디자인
M,19F,32CPHB941,챙길이가 썼을때 짧아보여 여성분들은 두상이 커보인다고 생각하시는 분들이 있고 귀엽다고 생각하시는 분들이 계심 호불호가 갈림
M,19F,32CPHC941,시크하고 빈티지함
M,19F,32CPHC941,20~30대
M,19F,32CPHC941,시크하고 빈티지함
M,19F,32CPHD941,10대20대
M,19F,32CPHD941,"다양한 칼라감 , 심플한 디자인"
M,19F,32CPHD941,남자가쓰기엔 챙길이가 많이 짧아보이고 여성분들이 쓰기엔귀여움
M,19F,32CPHV941,10~20대 여성
M,19F,32CPHV941,귀엽고 깔끔함
M,19F,32CPHV941,적당함
M,19F,32CPH1941,33대 여성고객
M,19F,32CPH1941,디자인이 예쁘고 유니크함. 차양목적으로 구매하시는 고객들도 많음.
M,19F,32CPH1941,주 구매고객이 여성인데 사이즈가 너무큼.
M,19F,32CPHC941,10~20대 여성고객
M,19F,32CPHC941,"핏이 편하며, 깔끔한 디자인으로 어디에든 매치하기 좋음"
M,19F,32CPHC941,여자분들 두상에 너무 크다고함
M,19F,32CPH1941,20.30대층에게인기가좋음
M,19F,32CPH1941,햋빛가리개용이나미용면으로도좋아함
M,19F,32CPH1941,색상별로이미지가틀려보이는 효과가있음
M,19F,32CPH7941,미입고
M,19F,32CPHD941,20대 여성고객 
M,19F,32CPHD941,"심플한디자인, 유니크함"
M,19F,32CPHD941,"둥근형으로 두상을 잡아주는 느낌으로 여성고객님들이 많이 착용하심, 사이즈가 작게나와서"
M,19F,32CPHV941,10~30대 여성고객.
M,19F,32CPHV941,디자인이 예쁘고 여성스러워서 핏이 편함.
M,19F,32CPHV941,남성고객들이 착용하기에 사이즈가 너무 작음.
M,19F,32CPH1941,20~30대 여성분 사이즈 59다 보니 57 55이신 분들이 잘어울리심
M,19F,32CPH1941,눈에 띄어서 많이 보십니다 
M,19F,32CPH1941,남성분들이 쓰기에 둘레가 작습니다 남성분들은 거의 구매를 못합니다 
M,19F,32CPH3941,10~20대 여성분들 확실히 머리 작으신분들이 잘어울리십니다 
M,19F,32CPHD941,여성스럽고 귀여움
M,19F,32CPHD941,여성분들이 좋아함
M,19F,32CPHI941,연령 상관 없이 많이 하심
M,19F,32CPHI941,디자인은 심플
M,19F,32CPHI941,핏감은 머리 둘레가 너무 작음
M,19F,32CPHC941,2~30대 부터 40대까지도 무난해서 반응이 좋음 
M,19F,32CPHC941,기본햇을 찾으시는분들이 많이 써보심 
M,19F,32CPHC941,착용감이 좋음 가벼움 기본햇으로 인기좋음 
M,19F,32CPHD941,20~30대 기본 햇으로 인기가 좋음 두상이 큰 남자분들으 못씀
M,19F,32CPHD941,기본형으로 나이가 어린 여성분들이 좋아하심 가격이 저렴해서 더좋음 
M,19F,32CPHD941,착용시 편안함 기본임 원포인트 로고가 깔끔함 
M,19F,32CPHU941,10대~20대 연령층이 많이 좋아할듯
M,19F,32CPHU941,귀여움을 어필할 수 있는 디자인
M,19F,32CPHU941, 남자가 쓰기에는 적합하지 않음 안쪽 밴딩을 고무줄로 헀으면 더 좋았을듯
M,19F,32CPHO941,20~30
M,19F,32CPHO941,디자인이 시크하고 멋스러움
M,19F,32CPHD941,20대 젊은 여성들
M,19F,32CPHD941,깔끔해서
M,19F,32CPHD941,남자가 쓰기에 많이 작음
M,19F,32CPHU941,20 30대 
M,19F,32CPHU941,햇의 대중화 
M,19F,32CPHU941,부클 햇의 유니크함 
M,19F,32CPHF941,매장 미입고 재품 평가 불가
M,19F,32CPH9941,중국인들
M,19F,32CPH9941,유니크
M,19F,32CPHF941,매장 미입고 재품 평가 불가
M,19F,32CPHF941,매장 미입고 재품 평가 불가
M,19F,32CPHC941,20대
M,19F,32CPHC941,유니크
M,19F,32CPHC941,핏모양이 안잡혀서 몇번 잡아보시다가 다른걸로 구매하심
M,19F,32CPHO941,"10대,20대,30대 외국인 여성 들이 크게 관심을 가짐"
M,19F,32CPHO941,모노그램패턴이 외국인들에게 인기가 많음 
M,19F,32CPHO941,두상이 작은 여성이 쓰기엔 적합하나 두상이 큰 여성 또는 남성이 쓰기엔 사이즈가 작음 .
M,19F,32CPH3941,20~30대 구매층이많아요....
M,19F,32CPH3941,약간챙이 넓어서 좋아하심..
M,19F,32CPHE941,20대 여성
M,19F,32CPHE941,핏이 편함.
M,19F,32CPHE941,두상쪽이 너무 넙대대해 보인다고 함
M,19F,32CPH8941,30~40대 남성고객
M,19F,32CPH8941,차양을 목적으로 많이 보심. 기능성라인이라 운동할때 착용하려고 많이 보심.
M,19F,32CPH8941,편함.
M,19F,32CPHF941,10~30대 여성
M,19F,32CPHF941,"디자인이 깔끔하면서도 포인트있으며, 핏도 편함"
M,19F,32CPHF941,남자분보다 여성분들을 위한 디자인
M,19F,32CPHI941,20대
M,19F,32CPHI941,디자인
M,19F,32CPHI941,핏감 좋음
M,19F,32CPHV941,20~20대 남여모두
M,19F,32CPHV941,"디자인이 깔끔하고, 소재가 따뜻해서"
M,19F,32CPH3941,20대.30대.남성층
M,19F,32CPH3941,세련되보이면서이쁨
M,19F,32CPH3941,여성층이쓰기에는이쁘지만 사이즈가너무커서고려하심
M,19F,32CPHV941,전연령
M,19F,32CPHV941,디자인
M,19F,32CPHV941,베이직 함
M,19F,32CPHE941,30대 여성고객
M,19F,32CPHE941,차양을 목적으로 구매하심.
M,19F,32CPHE941,깊이가 깊은데 둘레가 작아 남성고객이 쓰기에 부적합함.
M,19F,32CPH7941,10대.20대.30대여성
M,19F,32CPH7941,가격도저렴하면서 핏이예쁨
M,19F,32CPH7941,머리큰남성이쓰기에는 작다고 하신고객님이많음
M,19F,32CPHA941,20~30대 여성층고객
M,19F,32CPHA941,디자인이 심플하면서 곰돌이가 포인트라 귀여워서 좋아하세요
M,19F,32CPHA941,둥근형태 스타일이라 여성분이들 좋아하심.
M,19F,32CPHC941,"4,50대 여성 남성"
M,19F,32CPHC941,산탈때 쓰려고.
M,19F,32CPHC941,챙이 여유있어 햇빛가리기 좋아하심
M,19F,32CPH3941,디자인이 이쁘고 얼굴을 덮는 느낌이라 여성분들이 많이 찾으십니다
M,19F,32CPHV941,20~30대 여성고객?(오늘입고)
M,19F,32CPHV941,디자인이심플해서 
M,19F,32CPHV941,디자인이심플하고 원단이 두꺼워서 호불호가있을듯하다
M,19F,32CPHE941,"두상이 작은 여성,남성분들이 착용시 멋진 핏이 나올 수 있으나, 캡모자 59쓰시는 분들이 착용하면 핏이 아쉬웠다고 생각듭니다. 색상은 검정만 유일하게 판매가 되었습니다."
M,19F,32CPHF941,젊은층의 중국 여성분들한테 반응이 좋습니다 
M,19F,32CPHF941,확실히 무난한것보단 귀엽게 박혀있는 상품을 좋아합니다 중국분들은
M,19F,32CPHF941,귀엽다고 보시긴 많이 보십니다 
M,19F,32CPH9941,20~40대층
M,19F,32CPH9941,여성분들이 더 많이 찾으시고 한국고객님들보단 외국고객님들한테 반응 좋은 스타일입니다.
M,19F,32CPH3941,10~30대 중국여성고객
M,19F,32CPH3941,타매장에 없는 디자인이라 좋아함
M,19F,32CPH3941,남성고객님들이 많이 보시는데 사이즈가 작음
M,19F,32CPHG941,10~30 대 여성분들 사이즈는 차라리 큰게 더 이쁩니다 
M,19F,32CPHG941,평상시 착용하기 좋은 색상과 핏입니다 
M,19F,32CPH1941,유니크한 디자인
M,19F,32CPH1941,핏이 깊이감이있어서 편하게 착용하시기 좋음 둘레가 크지만 여성분들이 더많이 선호하심 얼굴이 작아보이는 효과
M,19F,32CPHO941,멋으로
M,19F,32CPHG941,20~30
M,19F,32CPHG941,디자인이 시크하고 멋있읍
M,19F,32CPHG941,여성분들이 쓰기에는 조금큰듯합
M,19F,32CPHV941,20 30 대 여성 
M,19F,32CPHV941,햇을 구매 목적으로 오시는분들이 써보심 
M,19F,32CPHV941,기본템. 햇의 대중화로 모자로 유명한 MLB에 많이 오심 
M,19F,32CPH8941,30대 
M,19F,32CPH8941,가벼운 소재로 착용감 편함
M,19F,32CPH9941,20대 여성외국고객분
M,19F,32CPH9941,편한핏
M,19F,32CPH9941,깔끔하다
M,19F,32CPH1941,"20대후반~30대중반(한국),중국인"
M,19F,32CPHO941,20대 여성고객분들이 대부분
M,19F,32CPHO941,소재 때문에 다른디자인보다는 타이트한감이 있음
M,19F,32CPHI941,20~30대
M,19F,32CPHI941,빈티지와 시크함
M,19F,32CPHI941,자수가 크고 게다가 울기에 조잡한 느낌이 있음 
M,19F,32CPH1941,디자인이 이뻐서 
M,19F,32CPH1941,남성보다는 여성 분들이 좋아하심
M,19F,32CPHC941,20~40대 여성
M,19F,32CPHC941,디자인이 깔끔해서
M,19F,32CPHC941,여성분들에게 크다.
M,19F,32CPH3941,20~30대의 여성고객
M,19F,32CPH3941,챙 부분 디자인을 선호함. 약간의 디자인을 원하시는 분들이 구매함
M,19F,32CPH3941,편하다. 여성이 착용하기엔 큰 편이라 구매를 고려하시는 분들이 계셨다.
M,19F,32CPH1941,"20~30대 여성고객,20대 남성"
M,19F,32CPH1941,유니크한 패턴에 요즘 핫한 모노그램힙색과 세트로 착용하기위해
M,19F,32CPH1941,"엠엘비만의 독특한 패턴으로 시크하면서도 유니크, 남여 상관없이 다 잘어울림"
M,19F,32CPHA941,10~20대 여성고객
M,19F,32CPHA941,심플하면서도 아기자기한 디자인
M,19F,32CPHA941,남자가 쓰기엔 디자인이 좀 유치함
M,19F,32CPHD941,전연령
M,19F,32CPHD941,디자인
M,19F,32CPHD941,57사이즈의 경우 타 디자인에 비해 작게 느낌
M,19F,32CPHD941,20~30대 여성고객
M,19F,32CPHD941,디자인이 여성스럽고 예뻐서 가격이 저렴해서.
M,19F,32CPHD941,남성고객이 쓰기에 깊이가 낮고 둘레가 작음.
M,19F,32CPHC941,"30대 고객님 여성,남성 "
M,19F,32CPHC941,"디자인이 심플함,챙이 넓어서좋아하심"
M,19F,32CPHC941,"기본핏 스타일.무난해서 남성,여성고객님들이 많이보심"
M,19F,32CPH1941,주로 20~30대 중국고객님이나 여성고객님.
M,19F,32CPHF941,30대여성
M,19F,32CPHF941,디자인 자수 보고 구매하심
M,19F,32CPHF941,자수가있어서 여성고객님들이 좋아하심
M,19F,32CPH1941,"3,40대 남성"
M,19F,32CPH1941,포인트로 하기 좋고 디자인이 예쁘다고 하심
M,19F,32CPH1941,여자가 쓰기엔 큼
M,19F,32CPHE941,20~30대 여성분들 많이 보십니다 
M,19F,32CPHE941,디자인이 무난하고 깊어 많이 보십니다 
M,19F,32CPHE941,사이즈가 차라리 큰게 폭들어가는 느낌이 있어서 많이 좋아합니다 
M,19F,32CPHG941,남성분들이 쓰기에 너무작고 여성분들은 차라리 큰게 좋다 하십니다 
M,19F,32CPH8941,10~40대 여성고객
M,19F,32CPH8941,깊이가 깊어서 좋아함
M,19F,32CPH8941,편하게 착용이가능함
M,19F,32CPH1941,20~30
M,19F,32CPH1941,디자인시크/
M,19F,32CPH1941,비교할수있는 디자인이 많고 타브랜드에 비해 선택에 폭이 넓다
M,19F,32CPH1941,30대 여성고객 두상이크신분들 선호
M,19F,32CPH1941,디자인이 유니크해서
M,19F,32CPH1941,여자가 쓰기에 사이즈가 큰감이 있음
M,19F,32CPH3941,핏이이쁘다
M,19F,32CPH3941,비교할수있는 디자인이 많고 타브랜드에 비해 선택에 폭이 넓다
M,19F,32CPHI941,벙거지는 젊은분들이 많이 찾습니다 
M,19F,32CPHI941,무난해서 많이 보십니다 
M,19F,32CPHI941,무난합니다 남성분들한테는 작습니다 
M,19F,32CPHA941,10~30대 여성고객
M,19F,32CPHA941,곰돌이로 포인트로 줄수있는 아이템
M,19F,32CPHA941,남자분이쓰기에는 작음
M,19F,32CPHO941,확실히 10대분들은 안보고 20~30대 여성분들이 많이 봅니다 
M,19F,32CPHO941,무난해서 많이 보십니다 
M,19F,32CPHO941,큰게 낫습니다 남성분들은 너무 작습니다 
M,19F,32CPHC941,10~30대 여성고객
M,19F,32CPHC941,패션아이템으로 좋아함
M,19F,32CPHC941,남자가 쓰기엔 작음
M,19F,32CPHG941,"2,30대 태국여성/20대 여성분들"
M,19F,32CPHG941,캡은 많고 포인트로 쓰고 싶어하시는 분들
M,19F,32CPHG941,여성분들이 쓰긴 널널함
M,19F,32CPHA941,디자인/핏을 좋아함~연령대 무관
M,19F,32CPHD941,10~30대 여성고객
M,19F,32CPHD941,포인트로 주기좋은 상품
M,19F,32CPHD941,남자분들은 쓰지도 못함
M,19F,32CPHI941,"2,30대 여성"
M,19F,32CPHB941,2030대
M,19F,32CPHB941,유니크함
M,19F,32CPHB941,시크하고 깔끔
M,19F,32CPHA941,20대 에서 30대 초반 귀여운걸 선호하시는 여성고객
M,19F,32CPHA941,무난하고 편하게 코디하기에 적합한 디자인이라서 구매
M,19F,32CPHA941,무난 하면서도 곰 패치가 포인트로 들어가있어서 귀여운 느낌 하지만 두상이 큰 고객님들은 착용이 불가능 
M,19F,32CPH1941,30대 중국인
M,19F,32CPH3941,20~30대 여성고객님 
M,19F,32CPH3941,챙라인이포인트가 되어서 기본모 보다는 포인트로 활용하기 좋아서 많이보세요
M,19F,32CPH3941,"여성고객님들은 사이즈 자체가 크시다고 느끼심, 깊이는 맘에들어하심"
M,19F,32CPHI941,20~30
M,19F,32CPHI941,핏이 예쁘고 무난함
M,19F,32CPHF941,"20~30대 여성분들이 많이 찾으심  ,남성분들도 많이 써보심 "
M,19F,32CPHF941,SNS나 인스타 통해 보시고 구매 핫한 인싸템 남자분들이 써보시고 안어울려도 갖고싶어하심 
M,19F,32CPHF941,착용감이 편하며 예쁨 핫템을 강조해서 판매하기 좋음 외국이도 좋아하심 
M,19F,32CPHU941,20~40
M,19F,32CPHU941,디자인도 귀엽고 따듯해보여 시즌이 오면 판매좋을듯합니다
M,19F,32CPHG941,중국고객
M,19F,32CPH1941,보통은중국여성 20~30대분들이 많이 보시지만 한국 40대 여성분들한테도 인기있습니다
M,19F,32CPHE941,사이즈가 크신분들 한테도 무난하게 쓸수있어 좋았습니다.
M,19F,32CPHI941,20대 힙한 감성을 가진 고객님들? 
M,19F,32CPHI941,옷이랑 매칭하기 쉬워서 
M,19F,32CPHI941,버킷 자체를 남성고객님들은 별로 찾지 않으심 !!!!!
M,19F,32CPHA941,10~20대 여성
M,19F,32CPHA941,멋으로구매
M,19F,32CPHA941,착감기는 느낌이 좋음. 캐릭터스타일인데도 세련되보일수있는게 어려운데 MLB만 가능한 디자인이라고 생각함
M,19F,32CPHD941,10~20대여성
M,19F,32CPHD941,"너무 낮은핏,다른브랜드와는 차이점을 못느끼겠음"
M,19F,32CPHC941,"30~40대 여성,남성고객"
M,19F,32CPHC941,차양목적이 대부분
M,19F,32CPHC941,"챙이 커서 좋고,다른 브랜드와는 다르게 브랜드강조성이 덜하면서도 캐주얼함."
M,19F,32CPHD941,스타일과멋으로
M,19F,32CPHE941,10~40대까지 다양한 연령층의 여성
M,19F,32CPHE941,"유니크,시크,차양,평상시 착용"
M,19F,32CPHE941,챙이 길고 깊이감이 넓어서 성형하신 분들이나 평상시 착용하시기에 좋음
M,19F,32CPHF941,외국인여성
M,19F,32CPHF941,챙자수로고가 이뻐서
M,19F,32CPHF941,여성분들이 쓰시기엔 좋음
M,19F,32CPHD941,20~30대
M,19F,32CPHD941,돔햇의 기본라인의 컬러배함의 조화가 이쁨을 강조
M,19F,32CPHD941,기본티와 맨투맨에 잘 어울리며 기본라인 디자인으로 입는이에 따라 여러핏감에 대중적인 느낌 
M,19F,32CPHG941,"20~30대 남성,여성고객"
M,19F,32CPHG941,멋으로
M,19F,32CPHG941,일반 버킷핏.디자인이 특이함
M,19F,32CPHI941,구매하는 고객분들이 없음
M,19F,32CPHI941,구매하는 고객분들이 없음
M,19F,32CPHI941,구매하는 고객분들이 없음
M,19F,32CPHI941,10대20대
M,19F,32CPHI941,캐쥬얼한 디자인
M,19F,32CPHI941,애매한 핏과 사이즈
M,19F,32CPH7941,20대 외국여성고객
M,19F,32CPH7941,스타일
M,19F,32CPH7941,"넉넉한핏, 하지만 두상이 작으면 너무 많이큼"
M,19F,32CPHB941,"10~30대 남성,여성 국내외고객"
M,19F,32CPHB941,스타일.차양목적
M,19F,32CPHB941,"보통 고객님들이 쓸수있는 적당한핏, 다른브랜드에서는 쉽게 나올수없는 디자인"
M,19F,32CPH1941,"20대, 보통 57~59 사이를 선호 59로 나오는 현제품들이 크다고 느낌"
M,19F,32CPH1941,디자인과 핏감으로 인해 구매
M,19F,32CPH1941,"핏이 큰편 모자 높이가 살짝 높게 느껴짐 , 여자의 경우 58 정도를 적정사이즈로 느낌 "
M,19F,32CPH8941,"20대, 58사이즈 정도의 두상 많음 남성의 경우 큼(중국인)"
M,19F,32CPH8941,디자인성
M,19F,32CPH8941,구매할 수 있는 디자인의 다양성
M,19F,32CPH8941,30~40대 고객
M,19F,32CPH8941,시원한 소재
M,19F,32CPH8941,여성이 착용하기엔 큰 편이다.
M,19F,32CPH3941,10~20대 남여고객
M,19F,32CPH3941,"핏도 편하고 가격대도 저렴, 독특한 디자인"
M,19F,32CPH3941,사이즈가 하나라 여자가 쓰기엔 좀 크다고함
M,19F,32CPH3941,10~20대 여성고객
M,19F,32CPH3941,차양목적도 있고 연예인이 착용해서 쓰시는 고객들이 많음.
M,19F,32CPH3941,깊이가 깊어 착용이 편하고 여성고객이 쓰기에 사이즈가 너무큼.
M,19F,32CPHA941,20~30대 여성 고객선호
M,19F,32CPHA941,디자인 귀여워서 구매
M,19F,32CPHE941,20~30대 남자. 두상이 좀커야한다.
M,19F,32CPHE941,디자인의 깔끔해서
M,19F,32CPHE941,크다. 
M,19F,32CPH8941,30대 남성고객
M,19F,32CPH8941,시원한 재질과 시크한디자인
M,19F,32CPHC941,"20대30대 여성,남성 고객님들 골고루 관심을 가지심"
M,19F,32CPHC941,그냥 제일 기본디자인스럽고 과한걸 원하지 않는 고객님들이 버킷을 쓰고 싶어하시면 많이 구매해가심 
M,19F,32CPHC941,무난 ~~~한 디자인과 핏 돋보이는 점은 없음 
M,19F,32CPH3941,10대(남)20대(여성)
M,19F,32CPH3941,기본스타일의 레터링으로 캐쥬얼함과 유니크함이 같이보임
M,19F,32CPH3941,여성분들이 좋아하시는 깊이감있는 핏
M,19F,32CPHI941,20~30 대여성 
M,19F,32CPHI941,차양목적. 햇의 대중화 
M,19F,32CPHI941,착용감이 좋음 크다고 하시는분들에게는 안쪽에 원단 덧댐을 알려드려서 판매 
M,19F,32CPHB941,10-40대 
M,19F,32CPHB941,디자인이귀여움
M,19F,32CPHB941,여자분들이 쓰기에 좋은싸이즈
M,19F,32CPHD941,"10대 학생들 ,20,30대 외국인 여성 또는 한국인 여성 "
M,19F,32CPHD941,스타일리쉬한 코디를 원하는 고객님들이나 힙합을 좋아하시는 고객님들이 로고가 포인트로 들어가있는 귀여운 버킷을 많이 구매.
M,19F,32CPHD941,아주 깜찍함 ㅎㅎ
M,19F,32CPHO941,20 30대 여성 고객
M,19F,32CPHO941,차양. 햇의 대중화 
M,19F,32CPHO941,착용감 좋음 
M,19F,32CPH8941,30대 남성
M,19F,32CPH8941,쿨필드소재로 휴가철쓰기위해
M,19F,32CPH8941,젊은층보다는 30대중후반 남성분들이 많이 보셨는데 그분들이 쓰시기엔 모자핏이 너무 유니크함
M,19F,32CPHA941,20~30대 여성고객층
M,19F,32CPHG941,20대30대 여성 또는 남성
M,19F,32CPHG941,과하지 않은 디자인이지만 포인트가 눈에 띄어 유니크함 
M,19F,32CPHG941,보기보다 썻을때 쫌더 멋스러운 느낌을 받을수 있음 
M,19F,32CPHG941,10~30대초반
M,19F,32CPHG941,유니크함 
M,19F,32CPHG941,깊이감이 깊어서 유니크하게 착용하기 좋음
M,19F,32CPHO941,20대후반
M,19F,32CPHO941,유니크한 디자인 고급스러운 소재감
M,19F,32CPHO941,깊이감이 깊고 챙둘레도 넓어서 여성분들이 좋아하심
M,19F,32CPHU941,10~20대
M,19F,32CPHU941,따뜻한 소재감 유니크한디자인
M,19F,32CPHU941,여성고객님들이 많이 보실거 같음
M,19F,32CPH1941,20~30대의 여성고객
M,19F,32CPH1941,"모노그램 디자인을 선호해서, 세트로 착용하는 것을 선호해서"
M,19F,32CPH1941,여자가 쓰기 좋은 사이즈로 나왔다. 07P의 경우 밝은 톤으로 나와 부담스러워 하는 고객님도 계셨다.
M,19F,32CPH3941,"10대, 20대"
M,19F,32CPH3941,디자인 위주
M,19F,32CPH3941,살짝 크게 느끼는 고객 많음 
M,19F,32CPHC941,넓은행이라서 좋아라하심
M,19F,32CPHC941,전체
M,19F,32CPHC941,"디자인,핏"
M,19F,32CPHC941,핏이 살짝 큰편이라고 느낌
M,19F,32CPH8941,착용시 편하고 무난하게 착용가능함
M,19F,32CPH9941,10~30대
M,19F,32CPH9941,무난하고 꼬리 디자인을 선호
M,19F,32CPH9941,무난하다
M,19F,32CPHE941,착용시 편하다고들 하심...
M,19F,32CPHE941,전연령 남녀구분 없음
M,19F,32CPHE941,디자인
M,19F,32CPHE941,핏감 살짝 크게 느낌
M,19F,32CPHD941,10~20대 여성분
M,19F,32CPHD941,"아담하고 색상도 여러가지이며, 디자인이 심플"
M,19F,32CPHD941,머리큰 여성분들은 너무 도드라져보인다고 함
M,19F,32CPH7941,10~20대 여성고객
M,19F,32CPH7941,핏이 편하고 연예인이 착용해서 많이 찾으심.
M,19F,32CPH7941,편하고 멋있음. 남성고객이 착용했을때 챙이 너무 작아 모자가 작아보임.
M,19F,32CPHA941,10~30대 남녀
M,19F,32CPHA941,디자인이 귀여워 선물용으로 자주 구매
M,19F,32CPHA941,원형이라 어울리기 쉽지 않음
M,19F,32CPHG941,20~30대 남여모두
M,19F,32CPHG941,디자인이 유니크해서
M,19F,32CPHG941,크다.
M,19F,32CPHF941,20~30대 여성
M,19F,32CPHF941,여성스러운 디자인
M,19F,32CPHF941,핏감 만족도 높음
M,19F,32CPHF941,20~30대 여성고객들선호
M,19F,32CPHI941,20~30대 남성
M,19F,32CPHI941,디자인이 깔끔해서
M,19F,32CPHI941,편하다
M,19F,32CPHG941,핏이 편하고 유니크한 디자인
M,19F,32CPHG941,여자가 쓰기엔 좀 큰감이있음
M,19F,32CPH9941,디자인이 에쁘고 여성스러워서 많이 착용함.
M,19F,32CPHG941,10~20대 여성
M,19F,32CPH9941,20~30대 여성고객
M,19F,32CPH9941,깊이가 깊어 편하고 사이즈가 적당해 좋아하심.
M,19F,32CPHI941,10~30대 여성
M,19F,32CPHI941,심플하고 핏도 편함
M,19F,32CPHI941,더 편하고 깔끔하여 무난하게 착용할 수 있다
M,19F,32CPHO941,20~30대 여성
M,19F,32CPHO941,핏도 편하고 디자인 자체가 유니크함
M,19F,32CPHO941,"착용감이 편하고, 엠엘비만의 패턴으로 유니크함"
M,19F,32CPHO941,10~30대 남여모두
M,19F,32CPHO941,디자인이 유니크해서
M,19F,32CPHO941,더 멋있다.
M,19F,32CPHA941,20~30대 남성고객
M,19F,32CPHV941,2030대
M,19F,32CPHV941,여성스럽고 깔끔
M,19F,32CPHV941,여성고객 반응 좋을듯
M,19F,32CPHE941,20~40
M,19F,32CPHE941,두상이 전체적으로 너무커보임 
M,19F,32CPHA941,20~40 여성
M,19F,32CPHA941,폭 감기는 느낌이 좋다고 하심
M,19F,32CPHA941,남자가 쓰기엔 작음
M,19F,32CPHA941,디자인이 유니크하고 에뻐서
M,19F,32CPHA941,돔형태중에는 깊이감이 있어 남성고객들이 좋아하심.
M,19F,32CPHO941,20`30대 선호
M,19F,32CPHO941,디자인 이 유니크해서 좋아하심
M,19F,32CPHB941,20~30대 남녀고객
M,19F,32CPHB941,디자인이 예쁙 유니크해서 가격이 저렴해서
M,19F,32CPHB941,편한 착용감과 적당한 사이즈.
M,19F,32CPHO941,20~30
M,19F,32CPHO941,디자인
M,19F,32CPHO941,핏감 살짝 큼(여성기준)
M,19F,32CPHU941,좀더 지켜봐야 할듯하다.
M,19F,32CPH8941,30~40대 남성고객님 두상보통
M,19F,32CPH8941,원단이 가벼워서 좋아하심
M,19F,32CPH8941,깊이가 잇어서 좋아하세여
M,19F,32CPHU941,젊은 고객 20대 위주
M,19F,32CPHU941,디자인
M,19F,32CPHU941,보통의 핏감
M,19F,32CPHC941,20~30대 여성고객
M,19F,32CPHC941,차양목적으로 보시는 분들이 많으시고 디자인이 유니크해서 좋아하심.
M,19F,32CPHC941,무게감이 가벼워 편함.
M,19F,32CPH9941,미입고
M,19F,32CPH9941,미입고 상품
M,19F,32CPHB941,10~30대 남여모두
M,19F,32CPHB941,유니크
M,19F,32CPHB941,"챙이 짧고, 깊이감도 짧아, 두상이 작은 분들에게 인기좋음."
M,19F,32CPHG941,20~30대 남녀고객
M,19F,32CPHG941,차양을 목적으로 구매하시는 분들도 있고 디자인이 유니크해서 구매하심.
M,19F,32CPHG941,착용감이 좋고 멋있음.
M,19F,32CPH8941,찾지않음
M,19F,32CPH8941,찾지않으
M,19F,32CPH8941,찾지않음
M,19F,32CPHI941,20~30대 남성고객
M,19F,32CPHI941,디자이이 유니크해서 많이 구매하심.
M,19F,32CPHI941,편함착용감과 멋스러움. 남성고객들이 쓰기에도 적당한 사이즈.
M,19F,32CPHE941,20~40대 고객님
M,19F,32CPHE941,"깊이,챙넓이 로 인해서 많이 구매하심"
M,19F,32CPHE941,"기본디자인, 깊이와 챙넓이가 다른것들에 비해서 넓은 편으로 나이대 다양하게 착용하심"
M,19F,32CPHU941,20대 여성고객
M,19F,32CPHU941,디자인이 여성스럽고 예뻐서
M,19F,32CPHU941,남성고객이 쓰기에는 너무 여성스럽고 사이즈가 작음.
M,19F,32CPHG941,30~40대 남성여성
M,19F,32CPHG941,챙에 포인트 레터링을 보고 많이 구매하심
M,19F,32CPHG941,깊이가 있고 무난한디자인 보단 포인트가있는 스타일을 찾으시는 고객님들이 많이 착용하심
M,19F,32CPHI941,20~30대 남성여성
M,19F,32CPHI941,"디자인만족구매, 심플한디자인"
M,19F,32CPHI941,"기본디자인으로 남여구분 없이 구매하시는 상품,심플함"
M,19F,32CPHO941,30~40대 여성고객
M,19F,32CPHO941,"디자인,포인트"
M,19F,32CPHO941,"깊이,포인트 디자인이라 여성고객님들이 구매하심"
M,19F,32CPHU941,20~30대 고객이 좋아하실거 같음(오늘입고)
M,19F,32CPHU941,디자인으로구매하실듯(오늘입고)
M,19F,32CPHU941,"뽀글이디자인이라 조금 부해보일듯함,,(오늘입고)"
M,19F,32CPHB941,디자인이 예뻐서
M,19F,32CPHB941,남자가 쓰기엔 챙이 작음..
M,19F,32CPH1941,20대여성과 중년층 여성들이게 반응이 좋습니다 두상은 보통 작으신 분들이 많이 구입하십니다
M,19F,32CPHB941,"2.,30대 여성"
M,19F,32CPH1941,디자인이 예뻐서 구입하심
M,19F,32CPH1941,남성분들도 쓰고 싶어하시는 분들이 종종 계셔서 사이즈를 조금 더 크게 하는 것도 괜찮을 듯 합니다 
M,19F,32CPH3941,확실히 사이즈가 크더라도 덮는느낌이 있어서 많이 보십니다 
M,19F,32CPH3941,20대 여성 두상 작으신 분들이 구입하심
M,19F,32CPH3941,디자인
M,19F,32CPHE941,"2,3,40대 남성 여성"
M,19F,32CPHE941,무난해서
M,19F,32CPHE941,여성분들에겐 너무큼 
M,19F,32CPHF941,"2,30대 태국,중국인분들"
M,19F,32CPHF941,예뻐서
M,19F,32CPHF941,여성분들이 쓰시기엔 널널하지만 상관없어 하심 
M,19F,32CPHG941,10~20대 고객들의 반응이 좋았습니다.
M,19F,32CPHG941,스트릿 느낌을 원하셨던 고객님들 중 조금 더 고급진 느낌을 원하는 분들이 이 제품을 구매하셨습니다. 
M,19F,32CPHG941,이번 시즌 벙거지 중 실착 모습이 가장 이쁘다고 생각합니다.
M,19F,32CPH8941,벙거지는 국내고객님들은 10~20 대 분들이 많이 찾습니다 
M,19F,32CPH8941,재질이 좋고 무난하다보니 여행용으로 많이 구매하심
M,19F,32CPH8941,확실히 남성분들이 쓰기에 작습니다 
M,19F,32CPH1941,20~30 대 고객님들이 많이봅니다. 사이즈가 조금더 있었으면 좋을꺼같습니다.여성분들은 크다고하시는분들이 많아 구매하실때 고민을 많이합니다.
M,19F,32CPHV941,20~40
M,19F,32CPHV941,디자인이 귀엽고 예븝니다
M,19F,32CPH3941,"20~30대 남성,여성고객층(남성고객들은 주로 외국인)"
M,19F,32CPH3941,멋으로 구매
M,19F,32CPH3941,챙이 넓어서 좋음
M,19F,32CPHE941,"20~40대 여성,남성분"
M,19F,32CPHE941,"차양목적,스타일"
M,19F,32CPHE941,챙과깊이가 적당함. 다른브랜드에서는 잘안나오는 올블랙스타일
M,19F,32CPHF941,10~30대 여성국내외고객
M,19F,32CPHF941,디자인이 유니크하고 캐주얼해서 좋음
M,19F,32CPHF941,"다른브랜드에서는 나와도 반응이 별로좋지않을꺼 같은,MLB만 가능한 디자인"
M,19F,32CPHA941,20대 여성
M,19F,32CPHA941,디자인성
M,19F,32CPHA941,핏 만족 하는 고객 많음
M,19F,32CPHD941,20~30대 남여모두
M,19F,32CPHD941,깔끔한 디자인
M,19F,32CPHD941,챙이 너무 짧다.
M,19F,32CPHF941,중국 여성층
M,19F,32CPHF941,디자인이 여성스럽고 예뻐서
M,19F,32CPHF941,여성이 쓰기 딱 예쁘다.
M,19F,32CPHG941,20대
M,19F,32CPHG941,디자인
M,19F,32CPHG941,편하고 포인트감 좋음
M,19F,32CPH3941,20대 여성
M,19F,32CPH3941,무난한 옷에포인트용
M,19F,32CPH3941,푹들어가는 경우가 많음
M,19F,32CPH8941,"2,30대 남자"
M,19F,32CPH8941,운동할때 쓰시려구
M,19F,32CPH8941,남성분들이 쓰시기에는 무난무난한 핏
M,19F,32CPHA941,"2,30대 태국인,애엄마"
M,19F,32CPHA941,"키즈꺼랑 맞추려고 ,캐릭터 좋아하시는 분들"
M,19F,32CPHA941,여성분들이쓰기엔 약간 편함
M,19F,32CPH1941,30 여성고객들의 터치율이 높습니다.
M,19F,32CPH1941,포인트 주기가 좋다고 합니다.
M,19F,32CPH1941,핏 자체는 기존 벙거지 스타일. 그러기에 좋은 것 같습니다.
M,19F,32CPHD941,"1,20대 여성"
M,19F,32CPHD941,포인트용
M,19F,32CPHD941,여성분들이 착용하기에 무난한스타일 남자분들에겐 작음
M,19F,32CPH3941,주로 20대 여성고객들의 선택이 높았습니다.
M,19F,32CPH3941,스트릿 느낌을 원했습니다.
M,19F,32CPH3941,CPH1941과 마찬가지로 기본벙거지 스타일이기에 반응이 좋았던 것 같습니다.
M,19F,32CPHA941,20대 여성분들의 터치율이 있긴 합니다.
M,19F,32CPHA941,귀여운 캐릭터 디자인에 구매를 하시는 분이 계셨습니다.
M,19F,32CPHA941,착용핏은 나쁘지 않았던 것 같습니다. 산악용 벙거지 같다는 분들이 계셨습니다.
M,19F,32CPHA941,중국분들이 간간히 보시고 반응은 크게 없습니다 
M,19F,32CPHA941,캐릭터가 있어서 귀엽게 착용은 가능합니다 
M,19F,32CPHA941,착용하면 귀엽습니다 그래도 남성분들한테는 너무 작은벙거지 입니다 
M,19F,32CPH1941,디자인이 흔하지않아 모자로 포인트주시는 고객님들이 많아 찾으시는분들이 많습니다.
M,19F,32CPH1941,다른브랜듭모다 다양하게 스타일이 나오며 젊은 고객님들은 큰 느낌으로 많이 착용하시는데 캐쥬얼하게 30~40대 고객님들은 딱 맞게 쓰시려고 하시는분들이 많습니다. 사이즈가 더 나왔으면 더반응이 좋았을꺼 같습니다.
M,19F,32CPHD941,10~30대 고루 갖추었습니다. 남성분들 보다 여성분들의 터치율과 판매량이 높았습니다.
M,19F,32CPHD941,CP77 제품을 구매하는 이유와 동일 한 것 같습니다. 편안하고 간편한 코디가 가능한 점. 
M,19F,32CPHD941,3사이즈로 만드니 좋았던 것 같습니다. 핏은 사이즈 업 다운을 통해 고를 수 있어 어느 고객이 쓰더라도 좋은 핏이라고 생각합니다.
M,19F,32CPHC941,10~30대 여성분들한테 반응이 있습니다 
M,19F,32CPHC941,이스타일은 여행갈때보다 평상시 착용하시려고 많이들 구매하십니다 
M,19F,32CPHC941,여성분들은 좀 크더라도 착용하시는데 남성분들이 쓰기에 너무작습니다 
M,19F,32CPHC941,30대 여성분들의 구매율이 높았습니다.
M,19F,32CPHC941,편안하게 쓸 모자. CPHD941 제품과 같이 고민 중에 고르신 모자입니다.
M,19F,32CPHC941,핏 자체는 나쁘지 않았습니다. 다만 CPHD와 비교하여 사이즈가 아쉽지 않았나 생각듭니다.
M,19F,32CPHD941,20~30대 여성분들 무난하다보니 많이 보십니다 
M,19F,32CPHD941,평상시 착용하려고 많이 보십니다 중국분들한테도 반응이 좋습니다 
M,19F,32CPHD941,다른브랜드와 다르게 저희브랜드는 남성분들이 쓰기에 둘레 깊이가 작습니다 
M,19F,32CPH3941,20~30대 고객층 
M,19F,32CPH3941,"여성분들한테는 약간 큰느낌이있으며, 스타일자체가 글씨도 크게들어가서 남성분들이 잘어울리는 스타일인거같습니다."
M,19F,32CPH1941,10~20대 중국분
M,19F,32CPH1941,타매장에 없는디자인이여서
M,19F,32CPH1941,머리큰남성분들은 착용이 안됨
M,19F,32CPH8941,20!30대고객층
M,19F,32CPH8941,챙부분이 넓은것은 대체로 남성분들이 잘어울리는 거같습니다.
M,19F,32CPHE941,20대 여성분들의 터치율이 높았습니다. 하지만 판매로는 이루어지지 못했습니다.
M,19F,32CPHE941,깔끔한 디자인과 딱 떨어지는 핏을 원하셨던 고객님들이 구매하셨습니다.
M,19F,32CPHA941,20대 여성
M,19F,32CPHA941,핏이편해서
M,19F,32CPHA941,남자느 넘 작다
M,19F,32CPHD941,"10,20대여성"
M,19F,32CPHD941,노말해서
M,19F,32CPHD941,편하다
M,19F,32CPHC941,20~40대 남성고객 두상이 크신분들이 선호하심
M,19F,32CPHC941,편안함과 큰 벙거지를 찾는 남성고객님들이 많이 찾으심
M,19F,32CPHC941,넓이 깊이 가 전체적으로 넓어 두상이 크시거나 편안함을 추구하시는 분들이 많이 찾으심
M,19F,32CPHO941,20~30대 여성 고객분들
M,19F,32CPHO941,디자인이 너무 영하지 않으면서 컬러도 차분해서 좋아함
M,19F,32CPHO941, 착용시 여성분들은  57 사이즈가 적당한듯함
M,19F,32CPHG941,20대여성
M,19F,32CPHG941,코디가 용이하다
M,19F,32CPHG941,여성분이 많이씀
M,19F,32CPHI941,2-30대 젊은층
M,19F,32CPHI941,무난하면서도 트렌디한 디자인을 찾는 고객
M,19F,32CPHI941,다른 모델 대비 둘레가 작아 여성고객에게 알맞음
M,19F,32CPHE941,20~40대 남여고객 
M,19F,32CPHE941,디자인이 깔끔하고 여유로워 편안함을 추구하는 고객층들이 주를이룸
M,19F,32CPHE941,크고 넉넉하나 깊이가 너무 깊어서 두상이 크신분들이나 깊은걸 좋아하시는 고객층이 주를 이룸
M,19F,32CPHU941,"20,30대 여성"
M,19F,32CPHU941,이뻐서
M,19F,32CPHU941,따뜻해 보이고 나만의 스타일
M,19F,32CPHU941,1-30대 여성
M,19F,32CPHU941,귀여운 느낌으로 코디할수있는 버킷을 보는분들
M,19F,32CPHU941,사이즈 적당하나 착용시 소재때문에 머리가 조금 커보임 소재에 맞게 핏을 수정하면 좋을것같음
M,19F,32CPHD941,20~30대 초반 여성고객
M,19F,32CPHD941,깊이감이 너무 낮음
M,19F,32CPHI941,30대 중반 여성고객
M,19F,32CPH1941,스타일링을 위해서
M,19F,32CPH1941,20~30대의 여성고객(외국80:국내20)
M,19F,32CPH1941,다른 모델들은 모르겠지만 외국에 판매가 많이 되는 상품들은 57사이즈가 많이 필요합니다 요즘 주로 베트남 인도네시아쪽 손님들이 많이 보러오는데 주요 손님은 여성고객이고 여성고객이 착용하기에는 59사이즈는 조금 많이 커요 어느정도의 멘트로 커버가 가능하지만 한계가있습니다
M,19F,32CPHI941,20~30대 남여모두
M,19F,32CPHI941,올블랙의 햇을 찾는부들에게 추천하기 좋을것같아요
M,19F,32CPHI941,깊이감 적당하고 챙길이도 적당함
M,19F,32CPHO941,20~30대 남여[해외8:국내2]
M,19F,32CPHO941,BGC9번과 같이 셋트상품을 구매하기위해서(CPH1번이 마음에 들지 않을때)
M,19F,32CPHO941,깊이감과 챙이 적당해서 좋아요 두가지 사이즈라 다양하게 권유하기 좋습니다
M,19F,32CPH9941,20대 여성 머리가 작으신분
M,19F,32CPH9941,여성스럽고
M,19F,32CPHB941,10~40대 남여
M,19F,32CPHB941,전체적으로 사이즈가 작아 남자분들이 제일 많이 착용하지만 착용에 비해 구매가 적은편임.
M,19F,32CPHE941,편하고 멋있음. 
M,19F,32CPHF941,중국손님들
M,19F,32CPHF941,디자인 특이함
M,19F,32CPHA941,20-40대
M,19F,32CPHA941,디자인이 귀엽다고 하심
M,19F,32CPHA941,여자가 주로 봄
M,19F,32CPHO941,30대 여성
M,19F,32CPHG941,30대
M,19F,32CPHG941,디자인 예쁨
M,19F,32CPHO941,디자인이예뻐서
M,19F,32CPH9941,"요즘은 10대와 40대 여성층에게서 착용도가 있으며, 외국인층에게도 포인트버킷햇으로 선호도가 있음.으로 선호도가 보임."
M,19F,32CPH9941,여성스러운 디자인으로 포인트를 줄 수 있는 아이템으로 선호도가 있음.
M,19F,32CPH9941,"여자가 쓰기에 적당하지만, 두가지 사이즈가 나와도 좋을 듯 합니다."
M,19F,32CPH8941,4~50대 분들경우 크다는 느낌이 나서 구매율이 높진 않지만 젊은 분들은 오히려 좋아하시는 분들도 계십니다.
M,19F,32CPH9941,"10,20"
M,19F,32CPH9941,디자인
M,19F,32CPH9941,착용감이 편합니다
M,19F,32CPHA941,"10,20  여성고객이 훨씬많은편입니다"
M,19F,32CPHA941,디자인
M,19F,32CPHA941,편하고 디자인의 만족이 높습니다
M,19F,32CPHA941,2~30대 여성고객
M,19F,32CPHA941,귀여운 느낌의 코디가능
M,19F,32CPHA941,좀 깊은느낌이 남
M,19F,32CPHG941,"20,30"
M,19F,32CPHG941,디자인
M,19F,32CPHG941,멋스럽다
M,19F,32CPHF941,"10,20"
M,19F,32CPHF941,멋스러운 디자인
M,19F,32CPHF941,멋있다
M,19F,32CPHB941,"10,20,30"
M,19F,32CPHB941,디자인
M,19F,32CPHB941,멋스러워서
M,19F,32CPHE941,전연령대
M,19F,32CPHE941,깔끔한 디자인이라 무난한 코디
M,19F,32CPHE941,무난한 사이즈라 큰 에러 없음
M,19F,32CPHF941,2~30대 여성고객
M,19F,32CPHF941,러블리한 코디에 안성맞춤
M,19F,32CPHF941,좀 큰감이 없지 않아 있음 . 주 고객이 여성분들이라 여성사이즈로 55사이즈도 나왔으면 좋았을것 같다.
M,19F,32CPHU941,전연령대 고객
M,19F,32CPHU941,계절감 느낄 수 있는 햇
M,19F,32CPHO941,10~30대 외국인고객님
M,19F,32CPHO941,유니크한 디자인
M,19F,32CPHO941,사이즈가 다양했음 좋겠습니다
M,19F,32CPHD941,10~30대 여성
M,19F,32CPHD941,선호하는 색상. 저렴함
M,19F,32CPHD941,여성이 착용하기 알맞음 남자가 착용하기엔 작음
M,19F,32CPHB941,10~30대 고객님
M,19F,32CPHB941,깔끔한디자인에 핏이이쁨
M,19F,32CPHB941,사이즈다양함
M,19F,32CPHO941,20~30대 여성
M,19F,32CPHO941,유니크합니다
M,19F,32CPH1941,20 대 남여 모두 주고객층 (의외로 나이대가 30~40대 고객분들도 많이 보는편임
M,19F,32CPH1941,트렌드 때무인듯 . 시크한패션을 좋아하는 10~20대 고객분들이 많이봄
M,19F,32CPH1941,착용시 남성고객에게는 적당하나 여성고객에겐 약간 큰듯함
M,19F,32CPHE941,"20,30대 여성남성"
M,19F,32CPHE941,핏이이쁘다
M,19F,32CPHE941,남여 쓰기에 좋다
M,19F,32CPH3941,30대 중반
M,19F,32CPH3941,핏이 예뻐서
M,19F,32CPH3941,여성분들이 쓰기엔 너무큼..
M,19F,32CPH8941,20대 여성 남성 고객
M,19F,32CPH8941,디자인도 무난하고 가격도 저렴해서
M,19F,32CPH8941,착용이 편하고 소재가 좋다.
M,19F,32CPH3941,20대 중후반 작음두상
M,19F,32CPH3941,디자인이 유니크하여 구매함
M,19F,32CPH3941,챙이 더크면좋을것 같다는 의견이 많음
M,19F,32CPHG941,30대 특징없음
M,19F,32CPHG941,유니크한 디자인때문에
M,19F,32CPHG941,없음
M,19F,32CPH7941,20대 작은두상
M,19F,32CPH7941,디자인이 깔끔하여서
M,19F,32CPH7941,없음
M,19F,32CPH1941,"20~30대의 여성고객 ,외국인도 많으심"
M,19F,32CPH1941,"유니크한 디자인 ,다른브랜드에 없는 디자인"
M,19F,32CPH1941,패턴에 비해 핏이 과하지않아서 괜찮은 반응
M,19F,32CPH8941,30~40대
M,19F,32CPH8941,소재가 시원해서 
M,19F,32CPH7941,20~30대 남여모두(국내3:해외7)
M,19F,32CPH7941,스타일링을 위해서
M,19F,32CPH7941,깊이감도 괜찮고 챙 길이도 적당해요
M,19F,32CPHA941,주고객 20~30대 여성고객 두상이 크지않은 고객들에게 어필
M,19F,32CPHA941,귀여운 디자인의 돔형태로 여성스럽게착용할수 있음
M,19F,32CPHA941,"사이즈가 57,59 두사이즈라 판매하기 어렵지 않음"
M,19F,32CPHC941,90이상 20~30대 여성고객
M,19F,32CPHC941,스타일리시하게 연출 목적
M,19F,32CPH9941,10~30대 여성고객
M,19F,32CPH9941,"편하게 착용하기 위해서,스타일링"
M,19F,32CPH9941,여성분들에게 반응이 좋은 상품은 57사이즈가 나왔으면 좋겠어요
M,19F,32CPHG941,20~30대 남녀 고객에게 인기
M,19F,32CPHG941,편안한 핏감 유니크한  디자인 
M,19F,32CPHG941,돔햇 디자인보다 안정감있는 핏감
M,19F,32CPHF941,"10~40대 여성고객(국내4:해외6)[중국,베트남]"
M,19F,32CPHF941,자수와 로고의 색상(전체적인 디자인)이 여성스러운 모델이라서
M,19F,32CPHF941,깊이감이 적당하고 챙 길이는 살짝 긴것 같지만 여성분들은 눌러쓰지않아서 딱 좋다고 느끼는분들이 더 많아요.
M,19F,32CPHG941,10~30대 남여모두[국내2:해외8][남2:여8]
M,19F,32CPHG941,스트릿한 스타일 연출
M,19F,32CPHG941,CPH3번보다 모자 챙이 좀 짧은편이라서?각도차이떄문에? 스트릿한 느낌을 원하는 분들에게 두가지를 권유하기 좋습니다(선택지를 줄수있음)
M,19F,32CPH9941,10~30대 여성
M,19F,32CPH9941,깔끔하고 여성스러운 디자인
M,19F,32CPHA941,10~30대 남여
M,19F,32CPH8941,"햇볕을 가리는 목적.소재를 보고,."
M,19F,32CPHO941,디자이이 고급스럽게 나옴. 
M,19F,32CPH8941,여름에 10~20대분들이 많이 보셨음. 
M,19F,32CPH8941,사이즈가 원사이즈라 크다는 의견이 많았음.
M,19F,32CPHE941,디자인이 이쁨 무난하고 깔끔
M,19F,32CPH1941,주 30대40대
M,19F,32CPH1941,디자인이 예쁘다고 하심
M,19F,32CPH1941,조금 크다고 하심
M,19F,32CPH3941,20-30대
M,19F,32CPH3941,핏을 보고 착용해 보심
M,19F,32CPH3941,여자가 더 착용해 보심
M,19F,32CPHV941,여자가 좋아하심
M,19F,32CPHV941,20-30대
M,19F,32CPHV941,귀엽다
M,19F,32CPHI941,유니크해서
M,19F,32CPHV941,10~20대 고객님
M,19F,32CPHI941,20-40대
M,19F,32CPHI941,사이즈가 약간 작다
M,19F,32CPHV941,"스타일,차양목적"
M,19F,32CPHV941,"깊게들어가는 돔햇스타일,챙이좀짧음"
M,19F,32CPH1941,20~40대 여성고객님
M,19F,32CPH1941,디자인이 예뻐서
M,19F,32CPH1941,챙이 넓어서 두상이 크신분들도 썻을때 얼굴이 작아보임
M,19F,32CPH8941,20대~40대 여성 두상 작으신 분들이 선호하심
M,19F,32CPHC941,20~40대 여성
M,19F,32CPH8941,조금 깊긴 하나 디자인이나 소재가 호불호가 많이 갈림
M,19F,32CPH1941,반응없슴
M,19F,32CPHA941,30대
M,19F,32CPHU941,10~30대 여성고객
M,19F,32CPHU941,디자인이 유니크함
M,19F,32CPHU941,색다른디자인
M,19F,32CPH1941,"20,30대의 비율이 높은편입니다"
M,19F,32CPH1941,디자인코디가 만은편입니다..가방과 같이 구매도 많은 편이구요
M,19F,32CPH1941,멋있다는 고객님의 반응이 매우 좋은 스타일입니다
M,19F,32CPHB941,여성고객 머리작은 작은 고객들
M,19F,32CPHB941,여성스럽고 무난함
M,19F,32CPHB941,핏은 좋은데   사이즈가 여성고객들에게는 좀 큰 경우가 많습니다
M,19F,32CPH9941,20중반 작음두상
M,19F,32CPH9941,디자인 때문에
M,19F,32CPH9941,없음
M,19F,32CPHO941,30대 특징없음
M,19F,32CPHO941,유니크한디자인
M,19F,32CPHO941,없음
M,19F,32CPH3941,20~30대 남녀고객 일반적인 두상의 고객들에게 인기가 있습니다.
M,19F,32CPH3941,디자인이 눈에 띄는 스타일이라 패션에 관심이 있는 젊은 고객들에게 인기
M,19F,32CPHA941,10~30대 여성고객(국내1:해외9)[중국 고객90%]
M,19F,32CPHA941,디자인이 귀여워서
M,19F,32CPHA941,모자가 깊은편이지만 사이즈가 2개로 나뉘어서 두상에 맞게 추천해주기 좋아요
M,19F,32CPHI941,20대 여성
M,19F,32CPH7941,20~40대 두상작은 여성분들
M,19F,32CPH7941,디자인 깔끔해서 
M,19F,32CPH7941,남자가 쓰기에 너무 작음. 
M,19F,32CPHA941,형태가 너무 작아 머리가 크신분들은 쓰기 힘듬
M,19F,32CPHD941,20-40대
M,19F,32CPHD941,귀엽다
M,19F,32CPHD941,여성스럽고 예쁨
M,19F,32CPHG941,20-40대
M,19F,32CPHG941,디자인이 예쁘고 핏이 예뻐서 봄
M,19F,32CPHG941,여자가 쓰기 좋다
M,19F,32CPHU941,20-40대
M,19F,32CPHU941,유니크해서
M,19F,32CPHU941,핏이 작다
M,19F,32CPHA941,여자분들은 착용시 깊이나 사이즈가 괜찮다라고하심 귀여운 느낌도 있고
M,19F,32CPHC941,30대가 조금더 많이보심
M,19F,32CPHC941,사이즈가 여성분들이 착용하시기에는 조금여유가 있는듯 
M,19F,32CPHG941,20대 여성분이 많이 보심
M,19F,32CPHG941,착용시 두상부분이 CPHD처럼형태였으면하는생각
M,19F,32CPHO941,30대 여성분 
M,19F,32CPHO941,패턴때문인지 착용시 멋스러운 느낌이남
M,19F,32CPHV941,20여성분이 많이보심
M,19F,32CPH1941,뉴트로한 디자인으로 요즘 여성들에게 선호도가 높은 버킷햇.
M,19F,32CPH1941,"너무 깊다고 하시는 분들도 계시고, 여자분들이 쓰기에 과한 느낌이 듭니다."
M,19F,32CPH1941,"3,40대 여성층과 외국인여성층."
M,19F,32CPH3941,스트릿한 10대와 20대젊은층. 깊은 디자인의 얼굴을 가리는 느낌으로 찾으시는 경향이 크심.
M,19F,32CPH3941,스트릿한 패션에 스타일링목적. 시크한 디자인.
M,19F,32CPH3941,여자분들이 착용하기에는 너무 크다는 경향이 있습니다.
M,19F,32CPHA941,20대 연령무관 두상은 보통
M,19F,32CPHA941,디자인과 핏때문에 구입하십니다 
M,19F,32CPH3941,2~30대
M,19F,32CPH3941,디자인이 예쁨
M,19F,32CPHA941,디자인이  귀여워서
M,19F,32CPH3941,전 연령대 여성분들께서 좋아하심
M,19F,32CPH3941,디자인이 마음에 든다고하심
M,19F,32CPH3941,여성분이  쓰기에 조금 큰 감은 있지만 그래도 멋스럽다고하심
M,19F,32CPH1941,여성고객 두상은 작으편이에요
M,19F,32CPH1941,유니크한느낌
M,19F,32CPH1941,핏은 좀더작거나  두가지로나왓으면 좋겟어요  
M,19F,32CPHA941,10~20대 여성분
M,19F,32CPHA941,캐릭터 와펜이 귀엽다고 하심
M,19F,32CPHA941,착용시 편하다고 하심
M,19F,32CPHD941,20~30대 고객
M,19F,32CPHD941,심플한 디자인
M,19F,32CPHD941,"사이즈가 57, 59 나눠져있어서 좋다고 하심"
M,19F,32CPHG941,전 연령대 고객
M,19F,32CPHG941,디자인 포인트가 마음에 든다고 하심
M,19F,32CPHG941,착용감도 좋고 사이즈도 좋다고하심
M,19F,32CPHI941,30대 여성고객
M,19F,32CPHI941,디자인이 멋스럽다고 하심
M,19F,32CPHI941,착용시 멋스럽다고하심
M,19F,32CPHO941,30대 고객
M,19F,32CPHO941,디자인이 예쁘다고 하심
M,19F,32CPHV941,20~30대 
M,19F,32CPHC941,가볍고 원단이 얇은편
M,19F,32CPHC941,3~50대 고객
M,19F,32CPHC941,핏이 구겨지는 듯한 고정이 안되는 느낌
M,19F,32CPHU941,두께감때문에 살짝 커보임
M,19F,32CPH7941,1~30대
M,19F,32CPH7941,스트릿함
M,19F,32CPH7941,무난한 사이즈
M,19F,32CPH8941,30~40대 남여  
M,19F,32CPH8941,깊어서 좋음
M,19F,32CPH8941,가볍고 시원한느낌
M,19F,32CPHA941,"20,30대 여성고객"
M,19F,32CPHA941,무난하게 착용하기좋믐
M,19F,32CPHA941,둥글고 깊은편
M,19F,32CPHC941,20~30 대 여성
M,19F,32CPHC941,착용시 무난하다
M,19F,32CPHC941,윗부분이 좀 작게 나왔다
M,19F,32CPHD941,남성이 쓰기엔 작다
M,19F,32CPHO941,"3,40대 남성"
M,19F,32CPHO941,포인트용
M,19F,32CPHO941,괜찮다
M,19F,32CPHF941,미입고
M,19F,32CPHF941,미입고
M,19F,32CPHF941,미입고
M,19F,32CPHE941,데일리한 스타일이라서 전 연령층 무관하게 좋아함
M,19F,32CPHV941,10~30대 여성분들한테 반응이 좋을듯합니다 
M,19F,32CPHV941,디자인이 심플하고 편하게 착용하기 좋습니다 
M,19F,32CPHV941,남성분들한테는 당연히 작고 여성분들은 커도 좋아합니다 
M,19F,32CPHG941,10~30대 중국여성고객
M,19F,32CPHG941,타브랜드에 없는 특히한 디자인
M,19F,32CPHG941,사이즈가작아서 여성고객말고는 착용이 불가
M,19F,32CPHI941,10~30대 여성고객
M,19F,32CPHI941,빈티지한 느낌
M,19F,32CPHI941,남자고객한태는 사이즈가 작음
M,19F,32CPHG941,젏은 층이라면 다들 좋아하는 디자인
M,19F,32CPHG941,세련된디자인
M,19F,32CPHG941,더 시크하다 자수가 멋스러움이 강조된다
M,19F,32CPH1941,20~40대 여성 작은두상
M,19F,32CPH1941,패턴과 색상이 예뻐서
M,19F,32CPH1941,크고 여유로우나 패턴이 화려해 남자고객보단 여자고객들이 더 많이 찾는편
M,19F,32CPHU941,	2030대
M,19F,32CPHI941,옷이랑 매칭하기 쉬워서
M,19F,32CPHI941,가장무난하면서도 멋스럽습니다
M,19F,32CPHD941,20~30대 두상이작은 여성고객이 주를 이룸
M,19F,32CPHD941,컬러가 다양하고 데일리 아이템으로 찾으시는편
M,19F,32CPHD941,챙이 짧고 깊이가 낮아서 두상이 작은 여성고객층이 많이 찾으시는편
M,19F,32CPHI941,20대여성
M,19F,32CPHI941,노말해서
M,19F,32CPHI941,남자가 쓰기에는 넘 작음
M,19F,32CPHF941,20~30대 여성고객
M,19F,32CPHF941,옆 자수디테일이 귀여워서 주로 여성고객들이 찾음
M,19F,32CPHF941,귀여운자수 디테일이 여성고객을 타겟한거 같으나 다소 넓이가 큰편이라 작은사이즈를 찾으심
M,19F,32CPH8941,가볍고 깔끔
M,19F,32CPH8941,"남성층만 보시는 상품,여성이 쓰기엔 투박함"
M,19F,32CPH8941,30대
M,19F,32CPHF941,내국인보다 외국인에게 인기
M,19F,32CPHF941,디자인면
M,19F,32CPHF941,여성분들이 많이 보시기는 하는데 판매까지 이어지지는 않음
M,19F,32CPH9941,30대 중후반 여성고객
M,19F,32CPH9941,원사이즈라 너무큼..
M,19F,32CPHG941,20~30대 외국인 여성고객
M,19F,32CPHO941,20대?
M,19F,32CPHO941,캡에 비해 아직 반응 없음.
M,19F,32CPHO941,사이즈는 적당함
M,19F,32CPH9941,20대 여성 고객
M,19F,32CPH9941,모자 디자인과 핏이 예쁘다.
M,19F,32CPH9941,착용감이 편하다.
M,19F,32CPHA941,편하고 착용감도 좋다.
M,19F,32CPHA941,20대 여성 고객
M,19F,32CPHA941,디자인이 귀엽고 젊은 연령대한테 인기 많은 제품인것같다.
M,19F,32CPHU941,10~20대층이 좋아하실거 같음
M,19F,32CPHU941,디자인은 깔끔하고 보아플리스라 반응 좋을거같음
M,19F,32CPHU941,작음
M,19F,32CPHV941,10~20대
M,19F,32CPHV941,칼라감이 이쁨 따듯해보임
M,19F,32CPHV941,푹 들어가는 느낌이 없음
M,19F,32CPHD941,20~30 작음두상
M,19F,32CPHD941,귀여워서 구매함
M,19F,32CPHD941,너무 작음
M,19F,32CPHE941,20~30대 두상 특징없음
M,19F,32CPHE941,기본 디자인이여서
M,19F,32CPHE941,없음
M,19F,32CPHF941,20~30대 특징없음
M,19F,32CPHF941,디자인이 유니크하여서
M,19F,32CPHF941,없음
M,19F,32CPHI941,30대 작음두상
M,19F,32CPHI941,시크한디자인
M,19F,32CPHI941,없음
M,19F,32CPH8941,20~30대 남여모두(국내4:해외6)
M,19F,32CPH8941,디자인이 스트릿해서
M,19F,32CPH8941,챙이 너무 길고 아래로 내려와서 눈을 가리고 뒤로 눌러써도 뒷목에 닿을정도라서 많이들 불편해 합니다
M,19F,32CPHB941,10~40대 여성고객(국내3:해외7)
M,19F,32CPHB941,스타일링겸 편하게 착용하기 위해서
M,19F,32CPHB941,"짧은 감이 있지만 여러가지 돔햇,버킷햇이 있기때문에 다양하게 추천해주기 좋아요"
M,19F,32CPHF941,SS시즌 아이보리컬러가인기 주로 20~30대 여성고객 
M,19F,32CPHF941,여성스러운 디자인과 여성스러운 디자인을 찾는 고객에게 인기
M,19F,32CPHD941,10~50대 남여모두 (국내:5해외5)
M,19F,32CPHD941,"스타일링,등산용,편하게 착용할 모자,페도라 대용 다양한 이유"
M,19F,32CPHD941,짧은듯 하지만 기본디자인에 다양한 컬러감으로 포인트를 줘서 귀여운느낌을 많이들 받아서 구매로 이루어짐
M,19F,32CPHE941,10~40대 남여 모두
M,19F,32CPHE941,무지(디자인없는)버킷햇을 찾는분들에게 구매로 많이 이루어짐(깔끔한 디자인)
M,19F,32CPHE941,깊이감은 깊은듯 하지만 두가지 사이즈라서 괜찮아요
M,19F,32CPH1941,"20대 ,중국손님들 머리가 작으신 고객층"
M,19F,32CPHI941,포인트용
M,19F,32CPHI941,여성분들에겐 깊이가 널널함 
M,19F,32CPH7941,미입고
M,19F,32CPH7941,미입고
M,19F,32CPH7941,미입고
M,19F,32CPH9941,미입고
M,19F,32CPH9941,미입고
M,19F,32CPH9941,미입고
M,19F,32CPHE941,전 연령층 구매
M,19F,32CPHE941,"코디하기 좋음, 심플한 디자인"
M,19F,32CPHE941,남녀노소 가릴 것 없이 핏이 잘맞음
M,19F,32CPH3941,20~30대 남성고객 두상이크고 하관이 큰 고객층이 주를 이룸
M,19F,32CPH3941,레터링이 멋스러워 스타일을 중요시하는 고객층들이 많이 찾음
M,19F,32CPH3941,챙이 넓고 퍼져있고 레터링이 독특해 젊은층이 많이 찾음
M,19F,32CPHG941,1-30대 젊은층
M,19F,32CPHG941,요즘 유행하는 핏으로 트렌디한 버킷을 찾는분들
M,19F,32CPHG941,유행하는 핏으로 반응 좋으나 깊이감을 살짝 줄이거나 55사이즈를 만들어도 좋을것같음. 
M,19F,32CPH7941,20~30대 여성
M,19F,32CPH7941,챙이 너무 짧다는분들이 많으심..
M,19F,32CPHB941,30대 특징없음
M,19F,32CPHB941,핏감이 좋아서
M,19F,32CPHB941,없음
M,19F,32CPH3941,"20~30대 여성,남성고객(남2:여8)(국내3;해외7)"
M,19F,32CPH3941,스트릿한 느낌의 스타일링 연출
M,19F,32CPH3941,신촌점 위치가 대학가 근처 관광지 근처라 그래서 그런지 모르지만 외국 손님이 정말 많고 외국손님중 70~80%는 여성 고객입니다 여성고객분들에게 권해드릴 57사이즈가 필요합니다.
M,19F,32CPHD941,10~30대 여성고객 두상이 크지않은 고객에게 인기
M,19F,32CPHD941,심플하고 깔끔한 스타일을 찾는 고객이 주로 구매
M,19F,32CPHD941,깊이가 낮아 불안정한 느낌 있음
M,19F,32CPH3941,10대~40대 남여고객
M,19F,32CPH3941,디자인이 시크해서
M,19F,32CPHU941,따뜻할것 같아서. 
M,19F,32CPH3941,20-30 대 두상 크셔도 어울리는 햇
M,19F,32CPH3941,멋스러움.
M,19F,32CPHB941,"10,20"
M,19F,32CPHB941,"두상 크신분들은 구매 힘드나,작으신 분들은 좋아하심"
M,19F,32CPH1941,30~40대 여성층이 구매를 많이 합니다. 
M,19F,32CPH1941,차양과 디자인인듯 합니다. 
M,19F,32CPH1941,"좀더 길고 차양할수 있는 걸 원하는 분들도 많아요, 사이즈가 크다는 경우도 많고요"
M,19F,32CPH8941,20-40대
M,19F,32CPH8941,디자인이 깔끔하고 핏이 예쁘다고 함
M,19F,32CPH8941,약간 여유 있다고 함
M,19F,32CPHC941,30-40대
M,19F,32CPHC941,핏이 편해서
M,19F,32CPHC941,크다고 하심
M,19F,32CPH8941,20~30대 여성위주
M,19F,32CPHE941,10~30대. 주 구매층은 20대
M,19F,32CPHE941,디자인이 예뻐서
M,19F,32CPHG941,20~30대 남여
M,19F,32CPHG941,디자인이예뻐서
M,19F,32CPHI941,10~30대 남여
M,19F,32CPHI941,디자인이 예뻐서
M,19F,32CPHE941,10대
M,19F,32CPH8941,20~30대 여성분
M,19F,32CPH8941,소재가 마음에 든다고 하심
M,19F,32CPH8941,착용시 큰감이있음
M,19F,32CPH9941,30대 여성고객
M,19F,32CPH9941,디자인이 멋스럽다고하심
M,19F,32CPH9941,여성분이 쓰기엔 너무 큼
M,19F,32CPHB941,전 연령대 여성고객
M,19F,32CPHB941,디자인이 마음에 들어서 
M,19F,32CPHB941,착용감이 편하다고하심
M,19F,32CPH1941,20~30대 여성고객
M,19F,32CPH1941,모노그램디자인이라서  좋아하심
M,19F,32CPH1941,여성고객들이좋아하시는데  사이즈가큼
M,19F,32CPHA941,20~30대여성
M,19F,32CPHA941,디자인이 귀여워서
M,19F,32CPHA941,남자가쓰기엔 작음
M,19F,32CPH1941,"2~30대 여성고객, 간혹 4~50대 여성분들도 좋아하십니다. 두상은 좀 작은편입니다."
M,19F,32CPH1941,차양의 목적이 있는가 반면 젊은고객님들 경우 스트릿패션을 연출하기에도 좋아서 인듯 합니다.
M,19F,32CPH1941,4~50대 분들경우 크다는 느낌이 나서 구매율이 높진 않지만 젊은 분들은 오히려 좋아하시는 분들도 계십니다.
M,19F,32CPH3941,"2~30대 여성고객, 간혹 4~50대 여성분들도 좋아하십니다. 두상은 좀 작은편입니다."
M,19F,32CPH3941,차양의 목적이 있는가 반면 젊은고객님들 경우 스트릿패션을 연출하기에도 좋아서 인듯 합니다.
M,19F,32CPH3941,4~50대 분들경우 크다는 느낌이 나서 구매율이 높진 않지만 젊은 분들은 오히려 좋아하시는 분들도 계십니다.
M,19F,32CPH3941,"10,20"
M,19F,32CPH3941,디자인이멋스러워서
M,19F,32CPH3941,남성고객의 판매가 더높은 편입니다
M,19F,32CPHI941,"10,20"
M,19F,32CPHI941,디자인
M,19F,32CPHI941,편하다 
M,19F,32CPHI941,10대후반 20대초중반 남성고객
M,19F,32CPHI941,빈티지함과 힙스러움을 좋아하시는 분들
M,19F,32CPHI941,무난하면서 빈티지함이 돋보임
M,19F,32CPHI941,핏이 좀 짧다는 의견
M,19F,32CPHU941,핏이 짧음 /
M,19F,32CPHC941,30대 여성
M,19F,32CPHC941,디자인이 이뻐서
M,19F,32CPHC941,젊어보인다
M,19F,32CPHF941,20대 중국 태국여성분
M,19F,32CPHF941,여성스럽게
M,19F,32CPHF941,세련미가 있다
M,19F,32CPH8941,20~40대 여성 고객분들이 더 선호함
M,19F,32CPH8941,여행시나 산행시에 디자인겸 햇빛 가리는 용도로 많이보심
M,19F,32CPHV941,20대
M,19F,32CPHV941,따뜻해보임
M,19F,32CPHV941,특이성
M,19F,32CPH1941,20대중후반의 여성고객.. 
M,19F,32CPH1941,주 구매층이 여성인데 두상사이즈가 너무 큽니다..
M,19F,32CPH1941,20대중후반고객 작음두상고객
M,19F,32CPH1941,유니크하여 구매함
M,19F,32CPH1941,챙이 더크면 좋을것같다는 의견이 있음
M,19F,32CPH3941,20~30대 성별 관계없이 보십니다 
M,19F,32CPH3941,유니크한 디자인 무난한색에 포인트 레터링이있어서
M,19F,32CPH3941,볼떄보다 착용핏이 더 멋있다고 하시는분들 많으심 
M,19F,32CPH1941,핑크컬러는 100% 20~30대여성고객이주로 구매하며 여성스러운 스타일을 좋아하는 고객들에게 인기가 있습니다.
M,19F,32CPH1941,차양의목적도 있고 스타일리시하게 착용목적으로 구매하는 경우도 있습니다
M,19F,32CPH1941,20대 여성 작으신분들
M,19F,32CPH1941,디자인이 유니크해서
M,19F,32CPH1941,여자가 쓰기에 크다
M,19F,32CPHC941,여성 20대
M,19F,32CPHC941,남자가쓰기엔 작다
M,19F,32CPHD941,20대 여자
M,19F,32CPHD941,보통 여자가 쓰기에 너무 작다
M,19F,32CPH1941,"20~30대, 여성고객, 오버핏을 선호하는 고객층"
M,19F,32CPH1941,"차양을 목적으로 구매하는 고객, 모노그램 디자인을 선호하여서"
M,19F,32CPH1941,"살짝 오버핏, 가격대비해 디자인이 준수하며, 데일리룩 매칭으로 잘어울림"
M,19F,32CPH1941,10대~40대 남여고객
M,19F,32CPH1941,인기가 많아서
M,19F,32CPH1941,여자가 쓰기에 좀 큼.
M,19F,32CPH8941,20~30대 여성
M,19F,32CPH8941,핏이 애매함 
M,19F,32CPHC941,20~30대 남여
M,19F,32CPHC941,착용시 패널쪽에 힘이 없어 바로 구매로 이어지지 않음. 
M,19F,32CPHD941,10대~30대 남여고객
M,19F,32CPHD941,컬러 빼곤 유니크함이 없음. 
M,19F,32CPHI941,20~30대 남성
M,19F,32CPHI941,시크해서
M,19F,32CPH3941,20~30여성분들.
M,19F,32CPH3941,"원해서, 착용후 이뻐서"
M,19F,32CPH3941,핏은 이뻣는데. 사이즈가 크다고 아쉬워하는 분들 계심.
M,19F,32CPHB941,20-30대
M,19F,32CPHB941,유니크
M,19F,32CPHB941,적당한 사이즈
M,19F,32CPHE941,30-40대
M,19F,32CPHE941,핏이 편해서
M,19F,32CPHE941,여자가 쓰기 크다
M,19F,32CPHA941,10~30대 여성
M,19F,32CPHA941,디자인이예뻐서
M,19F,32CPHA941,남자가 쓰기엔 작음
M,19F,32CPH8941,"20,30"
M,19F,32CPH8941,가벼운 소재
M,19F,32CPH8941,편하다
M,19F,32CPH9941,20대 여성고객
M,19F,32CPH9941,젊은고객님들 경우 스트릿패션을 연출하기에도 좋아서 인듯 합니다.
M,19F,32CPH9941,"편하고 디자인, 색상이 여성스럽게 나옴"
M,19F,32CPHV941,"10,20"
M,19F,32CPHV941,디자인
M,19F,32CPHV941,여자고객님의 반응이 제일 좋은꺼같습니다
M,19F,32CPHU941,"10,20"
M,19F,32CPHU941,디자인
M,19F,32CPHU941,"둥근햇중  깊이감이 깊어,여성고객님은 조금 불편하시다 합니다"
M,19F,32CPHO941,"10,20  여자구매가 높음"
M,19F,32CPHO941,멋스러운 디자인
M,19F,32CPHO941,편하다
M,19F,32CPHD941,"10,20,30  여성 고객의 판매가 더많습니다"
M,19F,32CPHD941,디자인
M,19F,32CPHD941,편해서
M,19F,32CPHE941,"10,20"
M,19F,32CPHE941,디자인
M,19F,32CPHE941,멋스러워서
M,19F,32CPHC941,"10,20,30  남여 고루비율이 좋습니다"
M,19F,32CPHC941,디자인
M,19F,32CPHC941,멋스러워서
M,19F,32CPHD941,1~30대 초반 고객
M,19F,32CPHD941,기본스타일의 햇이라 코디의 용이성
M,19F,32CPHD941,"챙은 좀 짧은느낌, 깊이도 약간 얕음"
M,19F,32CPHG941,1~20대 고객
M,19F,32CPHG941,스트릿한 느낌의 연출
M,19F,32CPHG941,살짝 큰감이 있음
M,19F,32CPHO941,"젊은층의 남성고객, 3~40대 여성고객"
M,19F,32CPHO941,모노그램의 연출코디
M,19F,32CPHO941,살짝 작은 느낌
M,19F,32CPH1941,유니크하면서 착용시 핏예쁨
M,19F,32CPH1941,모자폭이넓고
M,19F,32CPHE941,20~30대 여성고객님  두상이 작으신 분들이 깊게 쓰시는걸 선호
M,19F,32CPHE941,"디자인을 보고 많이 구매해가심 , 여성분들은 비슷한 특징이 있음 "
M,19F,32CPHE941,선호하는 핏이 정해져 있음  아직도 남성분들에게는 작은 핏인경우가 많다.
M,19F,32CPHE941,10~40대 여성고객
M,19F,32CPHE941,트랜디한 디자인
M,19F,32CPHE941,남자가 쓰기엔 작음
M,19F,32CPHF941,디자인/핏
M,19F,32CPHF941,여성이 쓰기엔 조금 크다는 고객의견
M,19F,32CPH1941,특이함
M,19F,32CPH1941,30여성
M,19F,32CPH1941,여행
M,19F,32CPH3941,10대여성
M,19F,32CPH3941,멋
M,19F,32CPH3941,특이함
M,19F,32CPH8941,남성
M,19F,32CPH8941,여행
M,19F,32CPH8941,여자가스기에 크다
M,19F,32CPH3941,10대~20대
M,19F,32CPH3941,착용시 약간 여유 있는듯
M,19F,32CPHF941,10~30대 여성 고객
M,19F,32CPHF941,10~20대 디자인이 예뻐서 30~40대 디자인때문이기도 하지만 햇빛 가리려는 의도도 있는듯
M,19F,32CPHF941,착용시 핏이 살짝 아래로 내려와서 햇빛 가리기 좋음
M,19F,32CPHA941,10대~30대 여성고객
M,19F,32CPHA941,와펜의 귀여움을 찾는 젊은층 고객님이 주를이룸
M,19F,32CPHA941,챙이 안쪽으로 기울어져있고 생각보다 커서 작은사이즈를 선호하심
M,19F,32CPHG941,10~20대 남여
M,19F,32CPHG941,많이 부담스럽지 않으면서 포인트가 있어서 좋아함
M,19F,32CPHG941,착용시 햇중에선 사이즈가 양호한편 두루두루 잘 맞는편
M,19F,32CPHG941,20~30대 남여고객 
M,19F,32CPHG941,디자인이 과하지않고 잔잔한 자수디테일로 깔끔하면서도 포인트자수가 들어가 많은 고객들이 찾는편
M,19F,32CPHG941,남자들이 쓰기에는 뭔가 챙이 짧아 아쉬움이 있음
M,19F,32CPHO941,30대여성
M,19F,32CPHO941,세련미
M,19F,32CPHO941,남자에게는 너무작다
M,19F,32CPHE941,30대 중후반 여성고객
M,19F,32CPHE941,기본핏이라 많이 보십니다.
M,19F,32CPH3941,20대 여성 고객
M,19F,32CPH3941,디자인이 예뻐서
M,19F,32CPH3941,편하고 두상과 착용한 핏이 잘어울리는것같다.
M,19F,32CPHA941,20대 외국손님 
M,19F,32CPHA941,귀여운 디자인때문에
M,19F,32CPHA941,너무 작다는 의견있음
M,19F,32CPHC941,20~30대 두상 특징없음
M,19F,32CPHC941,깔끔한디자인
M,19F,32CPHC941,없음
M,19F,32CPH8941,이 디자인은 대부분 차양목적으로 구매
M,19F,32CPHE941,20~30 대 여성고객 착용감 제일 좋음
M,19F,32CPHE941,차양목적과 편한한 핏
M,19F,32CPHE941,버킷햇중  남자고객들에게 인기 사이즈와 핏감 안정적
M,19F,32CPHU941,당일 입고분이라 아직 아무도 착용해보지 않고 구매하지 않음
M,19F,32CPHU941,당일 입고분이라 아직 아무도 착용해보지 않고 구매하지 않음
M,19F,32CPHU941,사이즈가 기존의 모델들보다 약간 작은느낌(원단 특성의 두께감때문인듯 합니다)
M,19F,32CPHV941,당일 입고분이라 아직 아무도 착용해보지 않고 구매하지 않음
M,19F,32CPHV941,당일 입고분이라 아직 아무도 착용해보지 않고 구매하지 않음
M,19F,32CPHV941,모자 핏감도 예쁘고 사이즈도 두가지라서 남여 모두에게 권유할수있습니다
M,19F,32CPHG941,20대 남성
M,19F,32CPHF941,"20대 여성고객, 작은 두상을 가진 고객,"
M,19F,32CPHF941,"로즈 포인트를 좋아하며, 무난한 파스텔톤을 선호하여서"
M,19F,32CPHF941,"핏은 살짝 작음, 가격대에 비해 좋은 소재와 인기있는 포인트 디테일."
M,19F,32CPHG941,햇볕.디자인
M,19F,32CPHV941,따뜻해보여서
M,19F,32CPHG941,20~30 남녀
M,19F,32CPH8941,"30,40대"
M,19F,32CPHU941,10~20대 여성분
M,19F,32CPHU941,20대가 조금더 많이 착용을 해보심 구매로는 아직.
M,19F,32CPHU941,착용시 귀여운 느낌 남성분이 착용하시기엔 사이즈가 작을듯
M,19F,32CPHU941,스타일
M,19F,32CPHU941,"넉넉한핏,MLB에서만 가능한 디자인"
M,19F,32CPH3941,10대~40대까지 넓은 층이관심을 가지나 주 구매층은 20대여성분
M,19F,32CPH3941,심플하고 독특한 프린트
M,19F,32CPHC941,20~40대 남여
M,19F,32CPHC941,디자인이 예뻐서
M,19F,32CPHD941,10~30대 여성
M,19F,32CPHD941,디자인이 예뻐서
M,19F,32CPHC941,30~40대 남성 여성 고객
M,19F,32CPHC941,심플한 디자인이 좋다고 하심
M,19F,32CPHC941,착용시 가볍고 편하다고하심
M,19F,32CPHU941,20~30대 여성
M,19F,32CPHU941,디자인이예뻐서
M,19F,32CPHB941,디자인이예뻐서
M,19F,32CPH3941,20~30대  남여
M,19F,32CPHB941,10~30대 여성
M,19F,32CPH3941,디자인이시크함
M,19F,32CPH3941,여자가쓰기에 크다
M,19F,32CPH7941,"20,10"
M,19F,32CPH7941,디자인
M,19F,32CPH7941,멋스럽다
M,19F,32CPHV941,1~30대 고객
M,19F,32CPHV941,폭넓은 연출 가능
M,19F,32CPHV941,좀 작은 느낌이듬
M,19F,32CPHB941,1~40대 다양한 연령층
M,19F,32CPHB941,"코디, 기능성"
M,19F,32CPHB941,무난함
M,19F,32CPHU941,오늘들어와 아직 반응은 모르지만 젊은 여성분들한테 반응이 있을듯합니다 
M,19F,32CPHU941,겨울이다가오니 평상시 쓰기 좋은걸 찾지 않을까 합니다 
M,19F,32CPHU941,이상품도 남성분들이 쓰기에 너무작아보입니다 
M,19F,32CPHC941,20~30대 여성층
M,19F,32CPHC941,깔끔한 스타일
M,19F,32CPHC941,편하다.
M,19F,32CPHV941,10~30대 여성고객
M,19F,32CPHV941,따뜻함을주는 디자인
M,19F,32CPHV941,사이즈가 다양했음좋겠음
M,19F,32CPHF941,10~30대 여성
M,19F,32CPHF941,"디자인이 시즌에 잘 맞음, 꽃 포인트를 선호"
M,19F,32CPHF941,여성이 쓰기에 알맞음
M,19F,32CPH8941,20~40대 남성고객
M,19F,32CPH8941,여름소재의 가벼움을 찾는 남성고객이 주를 이룸
M,19F,32CPH8941,가볍고 시원하나 사이즈가 크다
M,19F,32CPHO941,2-40대 여성고객
M,19F,32CPHO941,모노그램 패턴이 마음에 들지만 H1은 부담스러운 고객님들이 많이보심
M,19F,32CPHO941,깊이는 깊은데 둘레가 작아 마술사 모자같음 ..남성고객들 거의 착용 불가능하며 여성고객들도 불편하다고 하심
M,19F,32CPH9941,미입고분
M,19F,32CPH9941,미입고분
M,19F,32CPH9941,미입고분
M,19F,32CPHB941,10~30대 연령층
M,19F,32CPHB941,깔끔하고 돔햇 좋아하시는 분들은 많이 구매하심
M,19F,32CPHB941,남성층이 쓰기에는 사이즈가 작고 깊이감이 얕음
M,19F,32CPHA941,30대 중반 여성고객
M,19F,32CPHV941,1-30대 젊은 여성 고객
M,19F,32CPHV941,귀엽고 따뜻한 느낌으로 코디할만한 버킷을 보는분들.
M,19F,32CPHV941,무난한 느낌이나 귀여운 느낌이 부각되도록 깊이가 더 얕게 나와도 좋을것같음
M,19F,32CPHI941,10~30대 주로 20대
M,19F,32CPHI941,"챙끝부분의 빈티지 느낌도 좋아하심,금액대가 아쉬움"
M,19F,32CPHI941,59사이즈 치고도 남성이 쓰기에는 살짝 작음
M,19F,32CPH1941,20대
M,19F,32CPH1941,중국인고객이 좋아함
M,19F,32CPH8941,20대 작음두상
M,19F,32CPH8941,깔끔한 디자인 때문에
M,19F,32CPH8941,시크한 디자인
M,19F,32CPH1941,20~40대 여성고객
M,19F,32CPH1941,디자인이 좋아서
M,19F,32CPH1941,편하다고 하심
M,19F,32CPHU941,20대 작은 두상
M,19F,32CPHU941,디자인이 이뻐서
M,19F,32CPHU941,너무 크다는 의견이 많음
M,19F,32CPHV941,20~30대 작은두상
M,19F,32CPHV941,핏이 편해서
M,19F,32CPHV941,없음
M,19F,32CPHC941,10~30대 남여모두(국내8:해외2)
M,19F,32CPHC941,편하게 착용할 기본의 버킷을 찾고있음
M,19F,32CPHC941,사이즈가 두개라서 여성 남성 모두에게 추천하기 좋고 착용감또한 깊은편이라 많인분들이 선호함/버킷이나 돔햇은 사실 많이 나오는 브랜드가 없어서 경쟁브랜드는 캉골정도밖에 없다고 생각합니다 캉골보다 가격대는 저렴하고 디자인의 종류는 많아서 많이들 구매로 이루어져요
M,19F,32CPHF941,10대~40대 여성
M,19F,32CPHF941,여성스러운 옷에 매치하기 좋아함. 
M,19F,32CPHF941,사이즈가 너무 작음. 
M,19F,32CPH3941,외국고객님이 많이보시고 구매하심
M,19F,32CPH3941,여성분이착용하시면 사이즈가 조금은 크다고 말씀하심
M,19F,32CPHA941,"10,20대 남녀고객."
M,19F,32CPHA941,햇볕가리기. 
M,19F,32CPHA941,"착용시 픽은 이쁜데, 캐릭터 와펜 부착에 호불호 갈림. 남성 분들 크기가 작다. "
M,19F,32CPHC941,"30,40대 남성분들도 좋아하심"
M,19F,32CPHC941,차양목적도 가능할만큼 여유있음
M,19F,32CPHG941,형태가 좁음
M,19F,32CPHD941,두상이 작고 귀여운 여성분이 많이보심
M,19F,32CPHD941,작은 두상가지신분이 착용해야 핏이 예쁨 
M,19F,32CPH8941,20~40대 남녀
M,19F,32CPH8941,구매로 잘 이어지진않음
M,19F,32CPHF941,20~30대 여성
M,19F,32CPHF941,디자인이 예뻐서
M,19F,32CPHC941,30대여성
M,19F,32CPHC941,색상이 예쁘다고하심
M,19F,32CPHE941,전연령대 고객
M,19F,32CPHE941,심플한 디자인
M,19F,32CPHE941,여성분이 쓰시기 조금 큰 감이 있지만 디자인이 예쁘다고 하심
M,19F,32CPH8941,20~40대까지 폭넓은 고객층으로 두상이 크신 분들에게 얼굴을 가릴 수 있는 버킷햇.
M,19F,32CPH8941,"깔끔하고, 유니크한 디자인으로 심플한 느낌의 포인트아이템을 원하시는 분들에게 선호도가 있음."
M,19F,32CPH8941,"심플해서 선호하시는 분들이 많으며, 두상이 크신 남성층이 부담없이 착용이 가능함."
M,19F,32CPHU941,30대 여성고객
M,19F,32CPHU941,디자인이 마음에 들어서
M,19F,32CPHV941,20~30대 여성고객
M,19F,32CPHV941,디자인이 마음에 들어서
M,19F,32CPHV941,적당한 핏
M,19F,32CPHC941,30대여성
M,19F,32CPHC941,유니크해서
M,19F,32CPHC941,남자가쓰기에 작다
M,19F,32CPH8941,2~40대 고객님들이 좋아하심
M,19F,32CPH8941,쿨소재 느낌의 원단으로 등산목적으로 사시는 분들도 많음
M,19F,32CPH8941,30~40대 남성고객
M,19F,32CPH8941,두상크신분들은 약간 불편함을 느낌
M,19F,32CPH8941,깔끔하며 소재의 장점
M,19F,32CPHU941,20~30대
M,19F,32CPHU941,고급스럽고 따뜻해보임
M,19F,32CPHU941,깊다
M,19F,32CPHU941,"20,30 "
M,19F,32CPHU941,핏 괜찮고 플리스 소재라 여유있는 느낌
M,19F,32CPHV941,20대 여성 
M,19F,32CPHA941,20대~30대 여성 고객에세도 반응 좋았음
M,19F,32CPHI941,1-20대 여성
M,19F,32CPHA941,깊이감이 있어서 착용시 시야를 약간 가려서 불편해 하심
M,19F,32CPHI941,유니크한 디자인
M,19F,32CPHD941,심플한 디자인과 50D의 색상이 인기.
M,19F,32CPHD941,"두상이 작은 고객들에게 잘 어울리며, 두상이 큰 고객들에게는 작은 느낌이 있음"
M,19F,32CPHU941,겨울용 벙거지 따뜻함
M,19F,32CPHD941,20-30대의 두상이 작은 여성고객
M,19F,32CPHU941,"20,30대여성"
M,19F,32CPHU941,남자가 쓰기엔 여성스러운 느낌
M,19F,32CPHC941,40대 남성고객
M,19F,32CPHC941,무난한 디자인
M,19F,32CPHC941,적당한 크기에 챙도 적당함.
M,19F,32CPH7941,20~30대 여성
M,19F,32CPH7941,유니크하고 핏이편함.
M,19F,32CPH8941,"20~40대 내,외국인 여성 고객님."
M,19F,32CPH8941,소재와 챙에 들어간 디자인의 조합이 좋았음. 여름에 놀러갈때 쓰려고 구매하심.
M,19F,32CPH8941,대부분이 만족함.
M,19F,32CPHB941,10~20대고객
M,19F,32CPHB941,돔햇중 롱런하는 기본모델로 꾸준한 인기
M,19F,32CPH1941,2-30대 여성
M,19F,32CPHV941,미 판매. 
M,19F,32CPH1941,20대에서 30대 여성분
M,19F,32CPH1941,디자인이 멋스럽고 가격이 저렵해서
M,19F,32CPH1941,여자가 쓰기에 너무 큰거 같아요
M,19F,32CPH3941,20~30대 남여
M,19F,32CPH3941,디자인보고 구매하십니다.
M,19F,32CPH3941,여자고객분들은 크다고함
M,19F,32CPHF941,10~20대 여성
M,19F,32CPHF941,디자인이 여성스럽고 귀여워서 
M,19F,32CPHF941,여성분이 쓰기에 나온 사이즈임
M,19F,32CPH3941,디자인이 유니크함.
M,19F,32CPH3941,착용감은 좋아나 깊음.
M,19F,32CPHA941,캐릭터 때문에 디자인이 귀여워서
M,19F,32CPH3941,20~30
M,19F,32CPHA941,10~30
M,19F,32CPHA941,여성분들에게는 핏이 적당하나 남성분들이 쓰기에는 모자가 작아보이는느낌
M,19F,32CPHD941,10~30
M,19F,32CPHD941,디자인이 깔끔해서
M,19F,32CPHD941,여성분들 쓰기에는 적당한데 남성분들에게는 모자가 작아보이는 느낌
M,19F,32CPHE941,20~30
M,19F,32CPHE941,깔끔해서
M,19F,32CPHE941,여성분들이 크다고하네요.
M,19F,32CPH1941,20 30대 외국인여성분들.
M,19F,32CPH1941,패션
M,19F,32CPH1941,여자분들이 많이 보기는하나 크다고하심
M,19F,32CPHU941,20 30대 여성
M,19F,32CPHU941,여성스럽고 이쁨
M,19F,32CPHU941,남자들쓰기엔 작음.
M,19F,32CPHG941,20후반에서 30대 초반 남여 
M,19F,32CPHG941,디자인이 예뻐서 
M,19F,32CPH1941,디자인이 독특하며 이전에 들어온 cap 과 힙색 덕분에 연계판매가 됨
M,19F,32CPH1941,다른 햇에 비해 넓게 나옴
M,19F,32CPHB941,10.20.30대 남녀 
M,19F,32CPHB941,디자인이 깔끔하고 엠엘비스러워서 꾸준하게 인기가 있음
M,19F,32CPHB941,남녀구분없이 착용하기좋움 
M,19F,32CPHV941,10~30
M,19F,32CPHV941,디자인이 귀엽고 따뜻해보임
M,19F,32CPHV941,"여자가쓰기에는 적당,남자가 쓰기에는 조금 작음"
M,19F,32CPHI941,10~30대 모든고객층 반응좋음
M,19F,32CPHI941,디자인이 시크하고 멋스러움
M,19F,32CPHI941,포인트가 크지않아 심플해서 반응좋음
M,19F,32CPHB941,10~30대 남녀 고객
M,19F,32CPHB941,심플하면서 깔끔한 디자인 때문에
M,19F,32CPHB941,여성 고객은 잘 맞는 사이즈
M,19F,32CPHF941,2-30대 여성
M,19F,32CPH8941,30-40대의 남녀고객
M,19F,32CPH8941,"디자인이 무난하고, 시원해 보이는 효과가 있음. "
M,19F,32CPH8941,"착용 후 핏은 괜찮으나, 모자 소재로 인해 호불호가 갈림."
M,19F,32CPHF941,20대여성
M,19F,32CPHF941,눈에띄는 포인트 로고와 자수
M,19F,32CPHF941,편안한 착용감
M,19F,32CPHE941,심플한 디자인으로 여러 고객층에게 반응을 보임
M,19F,32CPHE941,심플하여 아무옷에나 잘어울리고 선물하기 좋음
M,19F,32CPHE941,무난하면서도 여성스러운 핏
M,19F,32CPHC941,"20,30대여성"
M,19F,32CPHC941,심플한 디자인
M,19F,32CPHC941,소재자체가 핏이 잘 잡히지 않음
M,19F,32CPH9941,유니크하고 편함
M,19F,32CPHA941,20대~40대까지 연령대 폭이 넓음.
M,19F,32CPH9941,20~30대 여성분
M,19F,32CPHA941,"곰문양 로고, 깊이감 있는 모자."
M,19F,32CPHA941,깊이감. 심플함.
M,19F,32CPH3941,여성이 주로보고 남성이구매함
M,19F,32CPH3941,사이즈가 큰편임  두상이큰 남자분 선호
M,19F,32CPHE941,20~30대 남성고객
M,19F,32CPHE941,심플한 디자인과 핏이 편해서 남성고객들 선호
M,19F,32CPHE941,주로 남성분들 위주의 판매였으나 57사이즈가 나와서 여성층 구매도 늘어남
M,19F,32CPHV941,20대
M,19F,32CPHV941,보온목적 가벼움
M,19F,32CPHV941,심플한디자인으로 남녀 모두 좋아함
M,19F,32CPHO941,전연령층
M,19F,32CPHO941,세련되어보임
M,19F,32CPHO941,남녀구분없이 멋스럽게 쓸수 있어서 좋음
M,19F,32CPHA941,20~40대
M,19F,32CPHA941,귀여운 느낌. 여성고객층. 
M,19F,32CPHA941,여성 고객이 많다보니 57사이즈도 크다는 분이 가끔 계셨음. 
M,19F,32CPHC941,20~30대 남성분 
M,19F,32CPHC941,차양목적
M,19F,32CPHC941,모자 자체에 힘이 없다보니 단점일수도 있지만 좀더 스타일리쉬해 보임. 
M,19F,32CPHU941,20대 여성분 
M,19F,32CPHU941,아직 미 판매 
M,19F,32CPHA941,캐릭터가 들어간 햇은 주로 10대도 많이 찾습니다
M,19F,32CPHA941,여자가 착용하기에는 딱 적당한사이즈
M,19F,32CPHA941,"외국인 여성고객 , 10~20대 여성고객"
M,19F,32CPHA941,디자인이 귀여워서
M,19F,32CPHB941,유니크함
M,19F,32CPHB941,편안하게 쓸수있어서 좋아하심
M,19F,32CPHB941,20~30대 여성 남성
M,19F,32CPHD941,남성분들은 사이즈가 작다고함
M,19F,32CPHD941,10~20대 여성
M,19F,32CPHD941,디자인이 심플해서
M,19F,32CPHE941,20~30대 남성여성
M,19F,32CPHE941,디자인이유니크함
M,19F,32CPHE941,여성분들은 사이즈가 크다하심
M,19F,32CPH3941,20 30대 여성
M,19F,32CPH3941,전체적으로 이쁘고 시크함
M,19F,32CPH8941,30대여성남성
M,19F,32CPHV941,10~20대 여성
M,19F,32CPHV941,심플한디자인
M,19F,32CPHV941,여성 고객분들이 보시지만 남성분들한테는 사이즈가 작음
M,19F,32CPH8941,착용감은 편하다고 하심.
M,19F,32CPH8941,남자가 쓰시엔 작음.
M,19F,32CPHD941,20 30대 여성
M,19F,32CPHD941,깔끔하고 가본이라 많이  찾으심.
M,19F,32CPHD941,남자들쓰기엔 작음. 주로 여성분들 착용.
M,19F,32CPHE941,20 30대여성
M,19F,32CPHE941,핏이 예뻐서.
M,19F,32CPHE941,시크하면서도 편하게 착용.
M,19F,32CPHV941,10~20대 중후반까지 많이 볼듯
M,19F,32CPHV941,디자인깔끔하고 이쁨
M,19F,32CPHD941,2~30대 여성고객
M,19F,32CPHD941,심플한 로고 깔끔해서 
M,19F,32CPHD941,작음 창둘레도 작고 여성외엔 두상큰 고객은 무리
M,19F,32CPHU941,2~30대 여성층
M,19F,32CPHU941,유니크함
M,19F,32CPHU941,조금 작게 나온듯함 
M,19F,32CPHV941,2~30대 남여
M,19F,32CPHV941,심플로고인데 원단이 겨울 원단이라 찾음
M,19F,32CPHV941,사이즈 적당해서 커플로 쓰기좋음
M,19F,32CPHE941,30대 남자
M,19F,32CPH8941,3-40대 여성고객
M,19F,32CPH8941,차양을 목적으로 구매하는 고객이 많으며 특히 아웃도어 브랜드가 아님에도 불구하고 산악인분들이 많이 보심
M,19F,32CPH8941,머리가 작은 여성분들에게는 좀 큰 느낌이듬
M,19F,32CPHG941,여성분들이 많이보시는데 사이즈가 큼 
M,19F,32CPHG941,20.30.40대 여성
M,19F,32CPHG941,디자인이 유니크함 
M,19F,32CPHO941,"20,30대"
M,19F,32CPHO941,모노그램디자인은 반응이 좋음 
M,19F,32CPHO941,핏은 좋으나 사이즈가 너무작음 
M,19F,32CPHV941,20.30 여성
M,19F,32CPHV941,여성스럽고 따뜻해보임 
M,19F,32CPHV941,컬러도이쁘고 여성분들에게 인기가많을것 같음 
M,19F,32CPH1941,30대 여성고객.
M,19F,32CPH1941,디자인이 독특해서 구매
M,19F,32CPH1941,여성고객이 많이 구매하는데 모자사이즈가 많이 큰편입니다
M,19F,32CPHG941,20~30남여
M,19F,32CPHG941,디자인이 예쁨
M,19F,32CPHG941,편하다
M,19F,32CPH3941,여자착용시 크다
M,19F,32CPHD941,"10대~30대 여,남 고객님. 젊은 연령대가 좋아하는 디자인. "
M,19F,32CPHD941,예뻐서. 무난함. 빈티지.
M,19F,32CPHD941,스트릿 브랜드와 비슷하다. 저렴하다. 컬러가 예쁘다.
M,19F,32CPHB941,"10대,20대"
M,19F,32CPHB941,어린아이들인데 키즈모자는 안맞는 학생들이 쓰기 좋음
M,19F,32CPHB941,깊이가 너무 낮아서 남자분들이 싫어함
M,19F,32CPHI941,20대.30대
M,19F,32CPHI941,써보시기는 하시지만 구매는 잘이루어지지 않음
M,19F,32CPHI941,깔끔하기는 함
M,19F,32CPHA941,20 30대여성
M,19F,32CPHA941,"디자인이 귀엽다,"
M,19F,32CPHA941,편하게 여성들이 착용하기에 괜찮음.
M,19F,32CPHG941,20~40대 남여 
M,19F,32CPHG941,디자인 유니크하면서 시크해서 구매.
M,19F,32CPHG941,더 멋있음.
M,19F,32CPH3941,30대 
M,19F,32CPH3941,넓은 창으로 가리는거 찾는 고객
M,19F,32CPHD941,20대 남녀 고객들
M,19F,32CPHD941,디자인이 유니크하고 시크하며 깔끔한 디자인으로 많은 고객들이 봄
M,19F,32CPHD941,남성 분들이 쓰기에는 약간 작은느낌
M,19F,32CPH1941,"30.40대 여성분들, 중국인 외국인들도 많이보심"
M,19F,32CPH1941,모노그램 디자인이 이쁘고  여행가실때
M,19F,32CPH1941,여성분들은 좀 크다고하심 
M,19F,32CPH8941,20.30 남녀
M,19F,32CPH8941,소재가 가볍고 심플해서 많이들 써보심 
M,19F,32CPH8941,소재는 괜찮은데 시야를 가린다고 불편하다고 하심 
M,19F,32CPH3941,20~30대 남성고객
M,19F,32CPH3941,스트릿스타일링의 연출이 좋아서
M,19F,32CPH3941,"여성이 쓰기에는 조금 크고, 가볍고 착요감이 편하다"
M,19F,32CPHA941,20대 여성분
M,19F,32CPHA941,다자인이 유니크함
M,19F,32CPHA941,여성고객들이 좋아하심
M,19F,32CPHC941,20~30대 남녀고객 모드 반응좋음
M,19F,32CPHC941,디자인도 깔끔하고 핏이 좋음
M,19F,32CPHC941,챙이 길고 깊이도 있어서 좋아하심
M,19F,32CPHI941,20~30
M,19F,32CPHI941,심플하면서 포인트가되서
M,19F,32CPHI941,창이 조금만 더 넓엇으면 좋앗을꺼같아요.
M,19F,32CPHU941,10~30
M,19F,32CPHU941,디자인이 귀여워서
M,19F,32CPHU941,여성분들이 많이 보는데 여자가 쓰기에 적당한핏입니다.
M,19F,32CPHE941,20~30 대
M,19F,32CPHE941,무난하게 착용가능
M,19F,32CPHE941,깊어서 좋아하심
M,19F,32CPH7941,미입고
M,19F,32CPH7941,미입고
M,19F,32CPH7941,미입고
M,19F,32CPHO941,10-20대 여성
M,19F,32CPHO941,모노그램 로고 디자인 좋아함
M,19F,32CPHV941,2-30대 남성/여성
M,19F,32CPH1941,20-30대 여성고객으로 두상이 작음.
M,19F,32CPH1941,59사이즈의 핏이 커 두상이 작은 여성고객들은 크다고 함. 두상이 큰 고객님들은 사이크가 커서 좋다고 하심.
M,19F,32CPH1941,모노그램의 유행과 함께 고급스럽다고 함.
M,19F,32CPH3941,"10대 고등학생,20대초반 남자고객층"
M,19F,32CPH3941,유니크한 디자인
M,19F,32CPH3941,다른 버킷햇 디자인에 비해서 더 시크한 느낌이 있음 여자가 착용시 창이 너무 넓다 
M,19F,32CPHI941,유니크함
M,19F,32CPHI941,멋스러운듯 무난합니다
M,19F,32CPHB941,디자인이 유니크함.
M,19F,32CPHI941,20~30대
M,19F,32CPHB941,20대 여성고객
M,19F,32CPHB941,남성이 쓰기에는 크기가 작다
M,19F,32CPHD941,20대 여성
M,19F,32CPHD941,유니크한 디자인
M,19F,32CPHD941,남성이 착용하기에는 작다
M,19F,32CPH1941,20대 여성 고객님들. 가끔 20대 남성 고객. 
M,19F,32CPH1941,모노그램.
M,19F,32CPH1941,"대부분의 중국인 고객님들이 두상 크기에 상관 없이 모자를 구매 하는 경우가 많고, 도움을 요청하는 경우는 한가지로 사이즈가 크다 입니다. 현재 가장 불만족스런운 것은 제작되는 CP의 모든 종류의 사이즈가 커서 착용감이 낮아지고, 챙이 더 긴 기본모, 기본모의 디자인 변화가 적다는 것입니다."
M,19F,32CPH9941,젊은층 여성
M,19F,32CPH9941,핑크로고가 여성스러움
M,19F,32CPH9941,57사이즈 필요
M,19F,32CPHA941,커플구매 많은상품
M,19F,32CPHA941,디자인이 귀여움  
M,19F,32CPHU941,디자인 귀여움 점퍼와 코디하기 적합함
M,19F,32CPHU941,두께감이있어 조금 작은 느낌
M,19F,32CPHU941,10대 20대 고객
M,19F,32CPHC941,30대.40대
M,19F,32CPHC941,깔끔함과 깊이감이 있는거 좋아하는 분들만 선택하심
M,19F,32CPHC941,"남녀구분없이 쓰기에는 좋음,작은사이즈도 나왔음 좋겠음"
M,19F,32CPH1941,20대주 고객
M,19F,32CPH1941,대리구매가 많아서  착용샷 사진으로 확인 구매. 
M,19F,32CPH1941,90%이상이 대리구매 고객이라 상품 사진확인으로 바로 구매하심. 그외는 착용시 창이 넓은편이라 좋아함. 
M,19F,32CPH9941,10~30대까지
M,19F,32CPH9941,디자인이 깔끔하면서 포인트 리본테잎
M,19F,32CPH8941,20대~30대
M,19F,32CPH8941,디자인이 시크하고 심플
M,19F,32CPH8941,심플하고 시크한 느낌
M,19F,32CPHE941,기본디자인이라 나이구분없이 많이 찾으십니다
M,19F,32CPHC941,10대~30대 여성
M,19F,32CPHC941,디자인이 유니크해서
M,19F,32CPHC941,여성분들에게는 사이즈가 큼
M,19F,32CPHG941,착용감좋음
M,19F,32CPHG941,20~30대 여성
M,19F,32CPHG941,디자인이 유니크함
M,19F,32CPHA941,10-20대 여성 고객 
M,19F,32CPHA941,디자인이 귀엽고 여성분들에게 취향저격
M,19F,32CPHA941,둥근 돔햇 느낌의 머리에 맞는 느낌의 착용감
M,19F,32CPHI941,20.30대 남녀
M,19F,32CPHI941,디자인이 시크함 
M,19F,32CPHI941,남자분들이 쓰기엔 사이즈가 작음 
M,19F,32CPHU941,10.20.30대 남녀
M,19F,32CPHU941,디자인도 귀엽고 여성스러움 폴리소재라 많이들 보심 
M,19F,32CPHU941,착용감도좋고  핏도좋으나 남자분들이 쓰기엔 좀 작아보임
M,19F,32CPH1941,다양한 나이대의 고객층이심
M,19F,32CPH1941,디자인으로 구매
M,19F,32CPH1941,사이즈 고민없이 프리사이즈 이면 좋을듯함
M,19F,32CPHI941,20~30대
M,19F,32CPHI941,포이트있게 착용가능
M,19F,32CPHI941,남자는 작지만 무난함
M,19F,32CPHV941,2~30대의 여성고객
M,19F,32CPHV941,따듯한 느낌을 주고 디자인이 예뻐서
M,19F,32CPHV941,다른 햇에 비해 모자 자체가 작은 편이라서 쓰기에 부담스러움
M,19F,32CPH9941,10~20대
M,19F,32CPH9941,레터링 끈으로 독특한 디자인이라서
M,19F,32CPH9941,깔끔함
M,19F,32CPHO941,20`30대
M,19F,32CPHO941,유니크함
M,19F,32CPHO941,사이즈가있어서  남여좋아함
M,19F,32CPHI941,남성고객
M,19F,32CPHI941,유니크
M,19F,32CPHI941,더시크함
M,19F,32CPH8941,30대남성
M,19F,32CPH8941,시크함
M,19F,32CPH8941,남자가쓰기에 편하다
M,19F,32CPH9941,미입고
M,19F,32CPH9941,미입고
M,19F,32CPH9941,미입고
M,19F,32CPHB941,20대여성
M,19F,32CPHB941,유니크함
M,19F,32CPHB941,남자가 쓰기에작음
M,19F,32CPH9941,20~30대 여성고객
M,19F,32CPH9941,깔끔하며 포인트 있는 상품
M,19F,32CPH9941,여자가 착용하기에는 조금 크다
M,19F,32CPHE941,"남.여 고객들 모두 반응 좋습니다 연령대도 폭넓게 10대~40,50대"
M,19F,32CPHE941,유니크한 디자인으로 핏감도 좋고 차양 목적도 됩니다
M,19F,32CPHE941,깊이감이 적절해서 착용감이 아주 좋습니다 조금 여유있게 착용도 가능합니다
M,19F,32CPH3941,"모자핏도 지나치게 크지않고, 디자인이 무난해서."
M,19F,32CPH3941,"사이즈가 59이긴 하나, 핏이 지나치게 크지 않음. 살짝 뒤로 쓸 경우 핏이 좋음."
M,19F,32CPH3941,20-30대의 젊은 여성고객이 주고객층.
M,19F,32CPHO941,"20,30대여성"
M,19F,32CPHO941,같은 사이즈임에도 다른 디자인 57H 보다 조금 더 작은느낌
M,19F,32CPHO941,모노그램과 비슷한 느낌의 독특한 소재
M,19F,32CPHI941,20대 남녀고객
M,19F,32CPHI941, 빈티지한 느낌을 선호하는 고객
M,19F,32CPHI941,착용시 느낌은 편안하나 눈에띄지않는 디자인
M,19F,32CPHU941,여성고객
M,19F,32CPHU941,착용시 편한 핏
M,19F,32CPHU941,착용감 좋습니다
M,19F,32CPH1941,"20대 여성 , 중국,태국,필리핀 고객층"
M,19F,32CPH1941,모노그램 디자인이 예뻐서
M,19F,32CPH1941,"핏은 기존 벙거지보다 조금 더 깊은 편, 유니크한 디자인"
M,19F,32CPHV941,"20,30대여성"
M,19F,32CPHV941,따뜻한 소재에 투박하지 않음
M,19F,32CPHV941,사이즈가 남성이 쓰기 애매함
M,19F,32CPH7941,10~20대 학생고객
M,19F,32CPH7941,디자인 패션용
M,19F,32CPH7941,대체적으로다른모델보다 깊이감도 있고 햇이 너무얼굴을가리지않아 좋음
M,19F,32CPH3941,"20~30대 여성,남성"
M,19F,32CPH3941,챙 디자인을 좋아함.
M,19F,32CPH3941,만족도 높음.
M,19F,32CPHD941,심플한 디자인
M,19F,32CPHC941,무난한 디자인 차양목적으로 30~40 고객들 선호
M,19F,32CPHC941,소재가 가벼움 여성분들 좋아함
M,19F,32CPHC941,여성고객
M,19F,32CPHD941,10대 20대 여성고객
M,19F,32CPHD941,깊이가 다른모자에 비해 낮아 여성고객들이 좋아함
M,19F,32CPHG941,30~40대 고객
M,19F,32CPHG941,여성이쓰기엔 사이즈가 너무큼
M,19F,32CPHI941,30대 여성
M,19F,32CPHI941,차양목적구매 
M,19F,32CPHI941,남성이 쓰기엔 좀 작고 여성은 큰편임
M,19F,32CPH9941,"20대,30대"
M,19F,32CPH9941,여성스럽다
M,19F,32CPH9941,남자가 쓰기에는 디자인이 여성스러움
M,19F,32CPHD941,20대.30대  여성층
M,19F,32CPHD941,깔끔하면서 예쁨
M,19F,32CPHD941,남성분들이 쓰기에는 깊이가 좀 낮음.햋빛가리기도 안된다고하심(챙이 짧아서)
M,19F,32CPHE941,전연령층
M,19F,32CPHE941,"깊이감이 깊고,착용시 깔끔하면서 예쁨"
M,19F,32CPHE941,"남녀구분 없이 모두쓰기 좋음,사이즈작은게 미리나왔었음 여성층구매가 더 이루어 졌을뜻"
M,19F,32CPHF941,전연령층 
M,19F,32CPHF941,예쁨
M,19F,32CPHF941,여성분들이 너무 좋아하심
M,19F,32CPHD941,10~20대
M,19F,32CPHD941,유니크하고 귀여워서 
M,19F,32CPHD941,사이즈와 색상 선택폭이 넓어서 좋음. 
M,19F,32CPHG941,20~30대 여자 남자분 한국 고객님 선호
M,19F,32CPHG941,차양 목적과 디자인 핏 모두 좋음. 
M,19F,32CPHO941,20~30대 여성 
M,19F,32CPHO941,차양과 유니크한 디자인. 
M,19F,32CPH3941,20대30대 여성 고객님
M,19F,32CPHB941,10대~20대
M,19F,32CPHB941,주로 패션용으로 구매
M,19F,32CPHB941,심플하고 너무 깊지않은 디자인으로 남녀구분없이 쓰기좋음
M,19F,32CPH1941,여성고객분이 쓰기에 좀 크다.사이즈가 두가지로 나왔으면 합니다.
M,19F,32CPH1941,20~30대 여성
M,19F,32CPH1941,인스타로 보고오시는분들이 많으십니다.
M,19F,32CPHD941,10~20 젊은 남여고객
M,19F,32CPHD941,둥글고 귀여운느낌
M,19F,32CPHD941,둥글고 작은니낌
M,19F,32CPHG941,20~30대
M,19F,32CPHG941,포인트도되고 둥글고 귀여운느낌
M,19F,32CPHG941,깊지만 챙이짦음
M,19F,32CPH3941,10~20대 남성
M,19F,32CPH3941,디테일이 독특하고 예쁨
M,19F,32CPH3941,착용감이 좋음
M,19F,32CPH7941,10~20대 남여고객
M,19F,32CPH7941,깔끔한 디자인
M,19F,32CPH7941,미입고 상품
M,19F,32CPH7941,미입고 상품
M,19F,32CPH7941,미입고 상품
M,19F,32CPHV941,20대남여
M,19F,32CPHV941,유니크함
M,19F,32CPHV941,적당함
M,19F,32CPHU941,20 30대여성
M,19F,32CPHU941,소재가 특이해서
M,19F,32CPHU941,남자가쓰기에작음
M,19F,32CPHF941,미입고
M,19F,32CPHF941,미입고
M,19F,32CPHF941,미입고
M,19F,32CPHE941,20~30대여성
M,19F,32CPHE941,유니크함
M,19F,32CPHE941,사이즈가나와서  여성고객이좋아함
M,19F,32CPH1941,편하게 외출할때 포인트로 버킷햇을 주로 착용하시거나 패션으로 착용 
M,19F,32CPH1941,여성분들이 착용하기엔 너무 사이즈가 크다
M,19F,32CPH1941,주로 20대~30대 여성 고객님들이 관심을 가지신다
M,19F,32CPHA941,20-30대의 두상이 작은 여성고객
M,19F,32CPHA941,귀여운 디자인. 
M,19F,32CPHA941,두상이 큰 고객이 착용하기에는 작은 느낌이 있음
M,19F,32CPHG941,20-30대 남여고객
M,19F,32CPHG941,디자인이 예쁘고 핏이 좋아서
M,19F,32CPHG941,핏이 머리에 눌러쓰거나 걸쳐서 착용할 때 편함. 두상이 작은 고객이 더 잘 어울
M,19F,32CPHG941,20~30대 남.여고객
M,19F,32CPHG941,디자인이 이쁘며 차양목적구매
M,19F,32CPHG941,디자인은 이쁜데 좀 깊어요 
M,19F,32CPHV941,여성고객
M,19F,32CPHV941,여성스러움
M,19F,32CPHV941,착용시 안정감있는 핏과 부드러운 형태
M,19F,32CPH9941,"20,30대여성"
M,19F,32CPH9941,스트랩이 예뻐서
M,19F,32CPH9941,걸쳐서 쓰기 어려움
M,19F,32CPHA941,디자인이 귀여움
M,19F,32CPHA941,적당한 사이즈
M,19F,32CPHA941,10~20대 여성
M,19F,32CPHU941,20~30대 여성
M,19F,32CPHU941,귀엽고 따뜻하고 편함
M,19F,32CPHU941,유니크하고 핏이 예쁨
M,19F,32CPHV941,20~30대 여성
M,19F,32CPHV941,유니크하고 따뜻하며 편함
M,19F,32CPHV941,편하고 재질때문에 먼지가 많이묻음
M,19F,32CPHC941,20~40대 여성 고객.
M,19F,32CPHC941,무난한 모양의 B컬러.
M,19F,32CPHC941,착용시 빈티지한 느낌으로 어색하다.
M,19F,32CPH7941,20대 여성층
M,19F,32CPH7941,디자인인  심플하고 테잎로고 포인트 인기
M,19F,32CPH7941,남자분사이즈로는 작은편임
M,19F,32CPHO941,30대여성고객
M,19F,32CPHO941,디자인 고급스러움 
M,19F,32CPHO941,여성고객이 주로 찾으나 사이즈가 큰편임
M,19F,32CPHA941,"10대,20대들로부터 인기가 더좋음"
M,19F,32CPHA941,귀여움
M,19F,32CPHA941,남녀구분없이 이뿌고 귀엽게 쓸수있음
M,19F,32CPHG941,20대.30대.중국고객층이 많이 구매함
M,19F,32CPHG941,멋스러움
M,19F,32CPHG941,남자가 쓰면 더 멋있어 보임
M,19F,32CPHU941,20대.30대
M,19F,32CPHU941,귀여움
M,19F,32CPHU941,남성분이 쓰시기에는 여성스러운 느낌이 너무듬
M,19F,32CPHV941,전연령층이 착용해보시기는 함
M,19F,32CPHV941,착용은 하지만 구매는 안이루어짐
M,19F,32CPHV941,착용은 하지만 구매는 안이루어짐
M,19F,32CPHF941,20대 여성
M,19F,32CPHF941,중국 고객 인기 많음. 사진 들고 오셔서 많이 찾음. 
M,19F,32CPH8941,20~30대 여성
M,19F,32CPH8941,디자인이 깔끔하면서 소재가 가벼워서 
M,19F,32CPH8941,여성분들이 좋아하는데 사이즈가 크다하심
M,19F,32CPHA941,20~30대 여성남성
M,19F,32CPHA941,디자인이 귀여워서
M,19F,32CPHA941,여성분들이 주로 보긴하지만 남성분들도 간혹보시는데 사이즈가 작음
M,19F,32CPHO941,20~30대 여성
M,19F,32CPHO941,디자인이 예뻐서
M,19F,32CPHO941,착용감이 편하다고함
M,19F,32CPHU941,디자인이 귀여움
M,19F,32CPHB941,10~30
M,19F,32CPHU941,10~20대 여성
M,19F,32CPHU941,여성고객분들위주로 나온상품임
M,19F,32CPHB941,여성분들이 쓰기 좋은 사이즈
M,19F,32CPHB941,디자인이 유니크해서
M,19F,32CPHI941,20 30대 
M,19F,32CPHI941,시크함
M,19F,32CPHI941,편하고 멋있음.
M,19F,32CPHB941,20 30대 여성
M,19F,32CPHB941,유니크 깔끔함
M,19F,32CPHB941,남자들착용하기엔 작음.
M,19F,32CPHA941,2~30대 남여 모두 
M,19F,32CPHA941,캐릭터의 귀여움 
M,19F,32CPHO941,20~30대
M,19F,32CPHO941,고급스럽다
M,19F,32CPHO941,챙이 큼
M,19F,32CPHD941,10~20 여성
M,19F,32CPHD941,디자인이귀여워서
M,19F,32CPHD941,여성들이쓰기에 귀여움
M,19F,32CPH3941,2-30대 여성
M,19F,32CPH3941,여성스러운 디자인
M,19F,32CPHB941,20~30대 여성
M,19F,32CPHB941,핏이편함
M,19F,32CPH9941,여성고객님으로 연령대 폭이 넓음.
M,19F,32CPH9941,예뻐서. 
M,19F,32CPH9941,사이즈 적당함.
M,19F,32CPH8941,햇빛차단용으로 좋아하심
M,19F,32CPH8941,쿨필드소재라 두께감이 얇아 착용감이 떨어짐
M,19F,32CPHC941,10대~30대
M,19F,32CPHC941,깊고 차양목적으로 사용하기 적함
M,19F,32CPHC941,"차양목적 , 편하게 아무데나 매치가능해서"
M,19F,32CPH1941,20~30대
M,19F,32CPH1941,디자인이 독특하고 예뻐서
M,19F,32CPH1941,여자가 쓰기에는 조금 큰편입니다.
M,19F,32CPHI941,20~30대 여성 남성
M,19F,32CPHI941,심플한디자인
M,19F,32CPHI941,편하다
M,19F,32CPHC941,20 30대 여성 
M,19F,32CPHV941,20 30대
M,19F,32CPHV941,남자가 쓰시엔 작음.
M,19F,32CPHA941,적당한 핏으로 사이즈별 남여 모두 괜찮음
M,19F,32CPHB941,1~30대 다양함 얼굴 작은 두상
M,19F,32CPHB941,버킷햇찾는 고객층에서는 인기가 제일 좋음 엠엘비 스러움
M,19F,32CPHB941,남여모두 착용하기 적당한 크기감에 착용시 모양도 이쁨
M,19F,32CPH3941,20.30대 남녀
M,19F,32CPH3941,다자인이 유니크해서 멋스러움 
M,19F,32CPH3941,보는것보다 착용했을때 핏이 이쁘다는 말씀을 많이하심 
M,19F,32CPHA941,20.30 여성
M,19F,32CPHE941,20대부터 40대까지 특히 여성고객분들에게 인기가 많음
M,19F,32CPHE941,가장 깔끔한 디자인으로 핏 자체도 편하며 어느옷에 입어도 잘어울림
M,19F,32CPH3941,디자인이 독특하고 엠엘비만의 디자인이 들어가 있음
M,19F,32CPH3941,다른 브랜드의 버킷햇 보다 더 멋있다고 생각이 듬
M,19F,32CPHE941,디자인 자체가 깔끔하게 나와선지 착용핏이 편해보임
M,19F,32CPH3941,2-30대 여성고객
M,19F,32CPHA941,디자인이 여성스럽고 귀여움 
M,19F,32CPHA941,여성분들이 쓰기엔 좋으나 남성분들이 쓰기엔 좀 작음
M,19F,32CPHC941,20.30대  남녀
M,19F,32CPHC941,디자인이 깔끔하고 가벼워서
M,19F,32CPHC941,소재가 가볍고 편하지만 착용시 힘이없음
M,19F,32CPHD941,10.20대 여성 
M,19F,32CPHD941,기본디자인에 심플하고 귀여워서 
M,19F,32CPHD941,디자인이 작고 귀엽다보니 여성에게 더잘맞음 
M,19F,32CPHE941,20.30.40대 남녀
M,19F,32CPHE941,무난한 기본핏에 착용감이 좋음
M,19F,32CPHE941,기본디자인이고 사이즈도 두가지로 나와 인기가 많음 
M,19F,32CPH8941,주로 20대 여성고객
M,19F,32CPH8941,현재 시즌엔 차가운 느낌으로 반응이 좋지않음
M,19F,32CPH8941,원단때문에 디자인보다는 차양으로 목적을 두심
M,19F,32CPHD941,10대~ 30대 까지 반응좋음
M,19F,32CPHD941,디자인이 유니크하고 기본 핏으로 좋아하심
M,19F,32CPHD941,로고가 깔끔하면서 핏도 기본적으로 무난해서 판매율좋음
M,19F,32CPHG941,20~30
M,19F,32CPHG941,디자인이 예쁘고 유니크해서
M,19F,32CPHG941,여성분들도 보시는데 원사이즈라 큽니다.
M,19F,32CPHE941,"차양,디자인 모두 만족하심"
M,19F,32CPHE941,디장인 가격 모두 만족스러우움
M,19F,32CPHF941,여성스러운 포인트로 20~30대 여성분에게 인기
M,19F,32CPHE941,10~40대 모든 연련층고객에게 반응좋음
M,19F,32CPHF941,여성스럽고 이쁨
M,19F,32CPHG941,10~30대 모든 고객층에게 인기
M,19F,32CPHG941,디자인 만족스러워하시며 핏도 편하다고 하심
M,19F,32CPHG941,디자인 자체가 시크하고 멋스러움
M,19F,32CPHO941,10~30대 모든 고객층에게 반응좋음
M,19F,32CPHO941,디자인 시크하면서 멋스러움
M,19F,32CPHO941,모노시리즈인만큼 반응이 좋음
M,19F,32CPHU941,20~40대 모든연령층에게 좋을듯함
M,19F,32CPHU941,보온성도 좋고 유니크하고 이쁨
M,19F,32CPHU941,깊이도 짧지않고 핏 좋음
M,19F,32CPHV941,20~30대
M,19F,32CPHV941,보온성및 심플한 디자인
M,19F,32CPHV941,소재에 비해 부해보이지않고 보온성과 디자인 좋음
M,19F,32CPHA941,30~40대
M,19F,32CPHA941,눌러쓰는 편안한 용
M,19F,31DJ07961,숏기장을 많이 찾으심.
M,19F,31DJ07961,올해 춥지않아 경량다운 반응 좋았음.
M,19F,31DJ07961,아니요
M,19F,31DJ07961,스탠드 카라형도 있었으면 함 
M,19F,31DJ07961,현재 롱은 마니 찾으시지 않고 미드다운 찾으시는 고객님 계심
M,19F,31DJ07961,19FW DJ07 스타일로 두께가 얇게 압축스타일
M,19F,31DJ07961,많이들 찾으심
M,19F,31DJ07961,스탠드카라형
M,19F,31DJ07961,미드헤비다운 필요합니다. 남성분들에게 인기가 많습니다.
M,19F,31DJ07961,후드형 경량패딩 추가되었으면 좋겠습니다~
M,19F,31DJ07961,솔직히 판매가 많이 이루지지는 않아 굳이 필요성을 못느낍니다.매장에도 이런 아이템이잇다고 디피용으로 쓰기때문에 롱이나 숏으로 가는데 좋을꺼 같습니다.
M,19F,31DJ07961,지금있는 상품으로도 충분하다고 생각함
M,19F,31DJ07961,미드헤비다운 필요없다/ 찾지않음
M,19F,31DJ07961,후드없이 목선 긴 스타일
M,19F,31DJ07961,필요함 롱패딩은 이제 다 가지고 잇어서 거의 찾지 않으며 교복위에 입고 엉덩이를 가릴만한 디자인이 제작년부터 부족했으므로 필요합니다. 
M,19F,31DJ07961,경량의 기본 조끼 베스트 스타일 필요 물론 타매장이 잘 나가지만 이번에 나온 31DJ07이 호조 였으므로  키즈처럼 비슷한 형식으로 가격대를 조금 다운 시키면 좋을듯 
M,19F,31DJ07961,필요합니다 그래도 학생들이 많이 찾는 상품이기 때문입니다
M,19F,31DJ07961,미드다운도 필요함.학생들은 오히려 미드길이로도 많이찾으심
M,19F,31DJ07961,야구점퍼형 배색 경량도 괜찮을거같습니다.
M,19F,31DJ07961,경량 조끼가 필요합니다
M,19F,31DJ07961,경량다운 베스트도 많이들 찾으시기때문에 저희 엠엘비만의 느낌의 베스트를 추가하면 아주 인기있을거같습니다
M,19F,31DJ07961,필요하긴하나 디자인을 좀 고급스럽게 로고사용해서 독특한 컬러 사용
M,19F,31DJ07961,"경량다운을 많이 찾으시고, 올해는 조끼도 많이 찾으심. 여성전용으로 라인도 들어가고 여성스러운 스타일 선호"
M,19F,31DJ07961,필요함 그런데 단순하지않고 페턴을 이용해 이쁘게...
M,19F,31DJ07961,경량 조끼도 필요할듯 
M,19F,31DJ07961,롱보다 숏기장을 많이 보심.
M,19F,31DJ07961,경량 쪼끼. 쪼기스타일 많이 찾으셨는데 추천드릴 상품이 부족.
M,19F,31DJ07961,미드다운은 필요함 학생들이 많이 찾음
M,19F,31DJ07961,경량조끼도 필요하고 여자롱 경량조끼도 필요함 
M,19F,31DJ07961,미드다운 필요하다.
M,19F,31DJ07961,19FW(봄버형) 색상의다양함이 필요함
M,19F,31DJ07961,숏으로 많이 보시고 숏헤비가 있었으면 좋겠습니다 학생들이 많이 찾음
M,19F,31DJ07961,경량 스타일의 조끼가 들어왔으면 하는 바람
M,19F,31DJ07961,필요함
M,19F,31DJ07961,경량조끼 찾는분들이많음
M,19F,31DJ07961,필요하다 . 
M,19F,31DJ07961,필요하다 . 여성전용 롱기장도 추가했음좋겠요
M,19F,31DJ07961,미드헤비다운 필요합니다. (DJN5)라인 반응 좋았음
M,19F,31DJ07961,DJ07 라인이 더 선호함
M,19F,31DJ07961,필요하다고 생각함. 
M,19F,31DJ07961,DJ07번 같은 스타일은 나왔으면 좋겠음.
M,19F,31DJ07961,롱스타일은 1가지 스타일정도.
M,19F,31DJ07961,롱 경량다운.슬림한 여성전용 롱 경량조끼.
M,19F,31DJ07961,헤비다운이 하나정도 나오면 좋을것같습니다.
M,19F,31DJ07961,경량패딩조끼가 나왔으면 좋겠음 그리구 여성용도 나오면 좋을것같습니다
M,19F,31DJ07961,필요하다고생각합니다.학생들이많이칮는상품
M,19F,31DJ07961,스탠드카라형도나오면좋을것같습니다.
M,19F,31DJ07961,"필요함, 경량은 한가지로는 부족함,,겨울내내 경량을 활용하는 경우가 증가하고 있음,,"
M,19F,31DJ07961,경량 베스트(어깨핏 각져보이지 않게 A핏 요망) 
M,19F,31DJ07961,"숏,이런디자인으로 조금더 다양하게 나왔음 좋겠음"
M,19F,31DJ07961,봄버형
M,19F,31DJ07961,미드다운은 한 스타일정도 있으면 좋을 것 같습니다. 롱은 싫고 숏은 춥다는 고객님들 은근 많았습니다.
M,19F,31DJ07961,숏기장많이 선호하심   
M,19F,31DJ07961,야구점퍼형디장인 필요.이번에는 패딩조끼 많이찾음 
M,19F,31DJ07961,네
M,19F,31DJ07961,스탠다드 카라형
M,19F,31DJ07961,롱기장은 찾는 고객이 많이 줄어듬. 하프기장의 라쿤퍼 상품을 1~2모델 나와도 좋을 것 같아요
M,19F,31DJ07961,경량 베스트가 없어서 고객님들이 아쉬워하세요.
M,19F,31DJ07961,필요합니다.
M,19F,31DJ07961,경량다운베스트 
M,19F,31DJ07961,필요없음
M,19F,31DJ07961,DJ07번 정도 . 스타일 많이 나와도 판매부진 예상
M,19F,31DJ07961,미드 다운 필요성을 못느끼지만 찾는분들이 가끔 있어서 한모델 정도 기본 스타일로 있으면 좋겠어요 신장이 작은분들은 롱다운을 꺼려하시더라구요
M,19F,31DJ07961,경량 베스트(충전재는 다운이나 폴리에스터나 상관없지만 부담스럽지 않은 가격대의 경량 베스트가 있었으면 좋겠어요 
M,19F,31DJ07961,미드다운은 필요함 학생들이 많이 찾음
M,19F,31DJ07961,필요하지않음
M,19F,31DJ07961,현재나온경량스타일로 다양한컬러가 나왔으면 좋음.
M,19F,31DJ07961,해년 경량조끼 찾는분들이많음
M,19F,31DJ07961,많이는 말고 두세상품만 있으면 좋겠다.
M,19F,31DJ07961,무조건 필요하다.
M,19F,31DJ07961,",학교 상군에 밀집헤 있는 백화점에서 어느정도 학교 커트라인 에 맞는 옷을 추천 해줘야 하는데 올해는 그러 다운점퍼가 아직 안나옿것 같습니다"
M,19F,31DJ07961,14F/W 가을 겨울은 조끼베스트가 정말 많이 왔었는데 지금은 고객님들이 매장에 오서도 권해드릴게 없어 조금 부끄럽네오... 세트판매가 이루어지지 못하고 있습니다ㅣ
